score,alpha,variant,split,coverage,coverage_nonempty,mean_size,median_size,singleton_frac,empty_frac,n_calibration,k_reg,lam
lac,0.1,marginal,test,0.895610278372591,0.987603305785124,0.9068522483940042,1.0,0.9068522483940042,0.09314775160599571,,,
lac,0.1,marginal,external,0.760989010989011,0.9857651245551602,0.771978021978022,1.0,0.771978021978022,0.22802197802197802,,,
lac,0.1,class_conditional,test,0.917558886509636,0.917558886509636,4.937366167023555,5.0,0.0,0.0,,,
lac,0.1,class_conditional,external,0.945054945054945,0.945054945054945,5.03021978021978,5.0,0.0,0.0,,,
lac,0.05,marginal,test,0.952355460385439,0.9747945205479452,0.9769807280513919,1.0,0.9769807280513919,0.023019271948608137,,,
lac,0.05,marginal,external,0.9010989010989011,0.967551622418879,0.9313186813186813,1.0,0.9313186813186813,0.06868131868131869,,,
lac,0.05,class_conditional,test,0.9662740899357601,0.9662740899357601,13.092077087794433,13.0,0.0,0.0,,,
lac,0.05,class_conditional,external,1.0,1.0,12.346153846153847,12.0,0.0,0.0,,,
aps,0.1,marginal,test,0.8950749464668094,1.0,14.13811563169165,14.0,0.07708779443254818,0.10492505353319058,,,
aps,0.1,marginal,external,1.0,1.0,27.76098901098901,29.0,0.0,0.0,,,
aps,0.1,class_conditional,test,0.8972162740899358,0.8972162740899358,12.38543897216274,10.0,0.0,0.0,,,
aps,0.1,class_conditional,external,0.9862637362637363,0.9862637362637363,24.11263736263736,25.0,0.0,0.0,,,
aps,0.05,marginal,test,0.9443254817987152,1.0,17.01766595289079,18.0,0.05728051391862955,0.055674518201284794,,,
aps,0.05,marginal,external,1.0,1.0,29.214285714285715,30.0,0.0,0.0,,,
aps,0.05,class_conditional,test,0.9561027837259101,0.9561027837259101,20.78693790149893,20.0,0.0,0.0,,,
aps,0.05,class_conditional,external,1.0,1.0,28.164835164835164,29.0,0.0,0.0,,,
raps,0.1,marginal,test,0.9020342612419701,0.9612093553907587,0.9405781584582441,1.0,0.9362955032119914,0.06156316916488223,785.0,1.0,0.5
raps,0.1,marginal,external,0.9258241758241759,0.9258241758241759,1.021978021978022,1.0,0.978021978021978,0.0,785.0,1.0,0.5
raps,0.1,class_conditional,test,0.921306209850107,0.921306209850107,10.522483940042827,11.0,0.0,0.0,785.0,1.0,0.5
raps,0.1,class_conditional,external,1.0,1.0,9.112637362637363,9.0,0.0,0.0,785.0,1.0,0.5
raps,0.05,marginal,test,0.9598501070663812,0.9634605051047824,0.9983940042826552,1.0,0.9941113490364025,0.003747323340471092,785.0,1.0,0.5
raps,0.05,marginal,external,0.9258241758241759,0.9258241758241759,1.021978021978022,1.0,0.978021978021978,0.0,785.0,1.0,0.5
raps,0.05,class_conditional,test,0.965203426124197,0.965203426124197,18.14453961456103,18.0,0.0,0.0,785.0,1.0,0.5
raps,0.05,class_conditional,external,1.0,1.0,17.178571428571427,17.0,0.0,0.0,785.0,1.0,0.5
