cancer_type,n,coverage,score,alpha,variant
ACC,15,0.8,lac,0.1,marginal
BLCA,82,0.8292682926829268,lac,0.1,marginal
BRCA,218,0.9724770642201835,lac,0.1,marginal
CESC,61,0.9508196721311475,lac,0.1,marginal
CHOL,7,0.42857142857142855,lac,0.1,marginal
COAD,57,0.7192982456140351,lac,0.1,marginal
DLBC,9,1.0,lac,0.1,marginal
ESCA,36,0.5,lac,0.1,marginal
GBM,30,0.7666666666666667,lac,0.1,marginal
HNSC,104,0.8942307692307693,lac,0.1,marginal
KICH,13,1.0,lac,0.1,marginal
KIRC,106,0.9339622641509434,lac,0.1,marginal
KIRP,58,0.9482758620689655,lac,0.1,marginal
LAML,35,1.0,lac,0.1,marginal
LGG,102,0.9901960784313726,lac,0.1,marginal
LIHC,74,0.9594594594594594,lac,0.1,marginal
LUAD,103,0.9029126213592233,lac,0.1,marginal
LUSC,100,0.75,lac,0.1,marginal
MESO,17,0.9411764705882353,lac,0.1,marginal
OV,84,0.9761904761904762,lac,0.1,marginal
PAAD,36,0.8611111111111112,lac,0.1,marginal
PCPG,35,0.9714285714285714,lac,0.1,marginal
PRAD,99,0.98989898989899,lac,0.1,marginal
READ,18,0.05555555555555555,lac,0.1,marginal
SARC,52,0.8653846153846154,lac,0.1,marginal
SKCM,20,0.85,lac,0.1,marginal
STAD,83,0.8795180722891566,lac,0.1,marginal
TGCT,26,0.9615384615384616,lac,0.1,marginal
THCA,101,1.0,lac,0.1,marginal
THYM,24,0.9583333333333334,lac,0.1,marginal
UCEC,36,0.6666666666666666,lac,0.1,marginal
UCS,11,0.7272727272727273,lac,0.1,marginal
UVM,16,1.0,lac,0.1,marginal
ACC,15,1.0,lac,0.1,class_conditional
BLCA,82,0.8780487804878049,lac,0.1,class_conditional
BRCA,218,0.9357798165137615,lac,0.1,class_conditional
CESC,61,0.9836065573770492,lac,0.1,class_conditional
CHOL,7,1.0,lac,0.1,class_conditional
COAD,57,0.9473684210526315,lac,0.1,class_conditional
DLBC,9,1.0,lac,0.1,class_conditional
ESCA,36,0.8611111111111112,lac,0.1,class_conditional
GBM,30,0.9,lac,0.1,class_conditional
HNSC,104,0.9519230769230769,lac,0.1,class_conditional
KICH,13,1.0,lac,0.1,class_conditional
KIRC,106,0.9433962264150944,lac,0.1,class_conditional
KIRP,58,0.9310344827586207,lac,0.1,class_conditional
LAML,35,0.7714285714285715,lac,0.1,class_conditional
LGG,102,0.9215686274509803,lac,0.1,class_conditional
LIHC,74,0.9054054054054054,lac,0.1,class_conditional
LUAD,103,0.912621359223301,lac,0.1,class_conditional
LUSC,100,0.91,lac,0.1,class_conditional
MESO,17,0.9411764705882353,lac,0.1,class_conditional
OV,84,0.8452380952380952,lac,0.1,class_conditional
PAAD,36,0.9722222222222222,lac,0.1,class_conditional
PCPG,35,0.7714285714285715,lac,0.1,class_conditional
PRAD,99,0.9393939393939394,lac,0.1,class_conditional
READ,18,0.9444444444444444,lac,0.1,class_conditional
SARC,52,0.8653846153846154,lac,0.1,class_conditional
SKCM,20,0.9,lac,0.1,class_conditional
STAD,83,0.891566265060241,lac,0.1,class_conditional
TGCT,26,1.0,lac,0.1,class_conditional
THCA,101,0.9504950495049505,lac,0.1,class_conditional
THYM,24,0.9583333333333334,lac,0.1,class_conditional
UCEC,36,0.8611111111111112,lac,0.1,class_conditional
UCS,11,1.0,lac,0.1,class_conditional
UVM,16,0.8125,lac,0.1,class_conditional
ACC,15,0.8666666666666667,lac,0.05,marginal
BLCA,82,0.9146341463414634,lac,0.05,marginal
BRCA,218,0.9862385321100917,lac,0.05,marginal
CESC,61,0.9836065573770492,lac,0.05,marginal
CHOL,7,0.7142857142857143,lac,0.05,marginal
COAD,57,0.8947368421052632,lac,0.05,marginal
DLBC,9,1.0,lac,0.05,marginal
ESCA,36,0.75,lac,0.05,marginal
GBM,30,0.9333333333333333,lac,0.05,marginal
HNSC,104,0.9711538461538461,lac,0.05,marginal
KICH,13,1.0,lac,0.05,marginal
KIRC,106,0.9433962264150944,lac,0.05,marginal
KIRP,58,1.0,lac,0.05,marginal
LAML,35,1.0,lac,0.05,marginal
LGG,102,1.0,lac,0.05,marginal
LIHC,74,0.972972972972973,lac,0.05,marginal
LUAD,103,0.941747572815534,lac,0.05,marginal
LUSC,100,0.94,lac,0.05,marginal
MESO,17,0.9411764705882353,lac,0.05,marginal
OV,84,0.9880952380952381,lac,0.05,marginal
PAAD,36,0.9722222222222222,lac,0.05,marginal
PCPG,35,0.9714285714285714,lac,0.05,marginal
PRAD,99,1.0,lac,0.05,marginal
READ,18,0.16666666666666666,lac,0.05,marginal
SARC,52,0.9615384615384616,lac,0.05,marginal
SKCM,20,0.9,lac,0.05,marginal
STAD,83,0.9397590361445783,lac,0.05,marginal
TGCT,26,1.0,lac,0.05,marginal
THCA,101,1.0,lac,0.05,marginal
THYM,24,1.0,lac,0.05,marginal
UCEC,36,0.8888888888888888,lac,0.05,marginal
UCS,11,0.8181818181818182,lac,0.05,marginal
UVM,16,1.0,lac,0.05,marginal
ACC,15,1.0,lac,0.05,class_conditional
BLCA,82,0.975609756097561,lac,0.05,class_conditional
BRCA,218,0.9587155963302753,lac,0.05,class_conditional
CESC,61,1.0,lac,0.05,class_conditional
CHOL,7,1.0,lac,0.05,class_conditional
COAD,57,1.0,lac,0.05,class_conditional
DLBC,9,1.0,lac,0.05,class_conditional
ESCA,36,1.0,lac,0.05,class_conditional
GBM,30,1.0,lac,0.05,class_conditional
HNSC,104,1.0,lac,0.05,class_conditional
KICH,13,1.0,lac,0.05,class_conditional
KIRC,106,0.9528301886792453,lac,0.05,class_conditional
KIRP,58,0.9827586206896551,lac,0.05,class_conditional
LAML,35,0.8285714285714286,lac,0.05,class_conditional
LGG,102,0.9509803921568627,lac,0.05,class_conditional
LIHC,74,0.972972972972973,lac,0.05,class_conditional
LUAD,103,0.9320388349514563,lac,0.05,class_conditional
LUSC,100,0.97,lac,0.05,class_conditional
MESO,17,1.0,lac,0.05,class_conditional
OV,84,0.9761904761904762,lac,0.05,class_conditional
PAAD,36,1.0,lac,0.05,class_conditional
PCPG,35,0.7714285714285715,lac,0.05,class_conditional
PRAD,99,0.9494949494949495,lac,0.05,class_conditional
READ,18,1.0,lac,0.05,class_conditional
SARC,52,0.9807692307692307,lac,0.05,class_conditional
SKCM,20,1.0,lac,0.05,class_conditional
STAD,83,0.9759036144578314,lac,0.05,class_conditional
TGCT,26,1.0,lac,0.05,class_conditional
THCA,101,0.9504950495049505,lac,0.05,class_conditional
THYM,24,1.0,lac,0.05,class_conditional
UCEC,36,1.0,lac,0.05,class_conditional
UCS,11,1.0,lac,0.05,class_conditional
UVM,16,1.0,lac,0.05,class_conditional
ACC,15,0.8666666666666667,aps,0.1,marginal
BLCA,82,0.9512195121951219,aps,0.1,marginal
BRCA,218,0.9174311926605505,aps,0.1,marginal
CESC,61,0.9344262295081968,aps,0.1,marginal
CHOL,7,1.0,aps,0.1,marginal
COAD,57,0.9122807017543859,aps,0.1,marginal
DLBC,9,1.0,aps,0.1,marginal
ESCA,36,0.8611111111111112,aps,0.1,marginal
GBM,30,0.9666666666666667,aps,0.1,marginal
HNSC,104,0.9423076923076923,aps,0.1,marginal
KICH,13,0.9230769230769231,aps,0.1,marginal
KIRC,106,0.8679245283018868,aps,0.1,marginal
KIRP,58,0.8620689655172413,aps,0.1,marginal
LAML,35,0.9714285714285714,aps,0.1,marginal
LGG,102,0.9215686274509803,aps,0.1,marginal
LIHC,74,0.8783783783783784,aps,0.1,marginal
LUAD,103,0.912621359223301,aps,0.1,marginal
LUSC,100,0.94,aps,0.1,marginal
MESO,17,0.9411764705882353,aps,0.1,marginal
OV,84,0.9047619047619048,aps,0.1,marginal
PAAD,36,0.9444444444444444,aps,0.1,marginal
PCPG,35,0.8857142857142857,aps,0.1,marginal
PRAD,99,0.8282828282828283,aps,0.1,marginal
READ,18,0.5555555555555556,aps,0.1,marginal
SARC,52,0.9230769230769231,aps,0.1,marginal
SKCM,20,0.75,aps,0.1,marginal
STAD,83,0.8795180722891566,aps,0.1,marginal
TGCT,26,0.8076923076923077,aps,0.1,marginal
THCA,101,0.8316831683168316,aps,0.1,marginal
THYM,24,0.875,aps,0.1,marginal
UCEC,36,0.9722222222222222,aps,0.1,marginal
UCS,11,1.0,aps,0.1,marginal
UVM,16,0.9375,aps,0.1,marginal
ACC,15,0.9333333333333333,aps,0.1,class_conditional
BLCA,82,0.9512195121951219,aps,0.1,class_conditional
BRCA,218,0.8944954128440367,aps,0.1,class_conditional
CESC,61,0.9836065573770492,aps,0.1,class_conditional
CHOL,7,1.0,aps,0.1,class_conditional
COAD,57,0.8947368421052632,aps,0.1,class_conditional
DLBC,9,1.0,aps,0.1,class_conditional
ESCA,36,1.0,aps,0.1,class_conditional
GBM,30,0.9666666666666667,aps,0.1,class_conditional
HNSC,104,1.0,aps,0.1,class_conditional
KICH,13,1.0,aps,0.1,class_conditional
KIRC,106,0.9716981132075472,aps,0.1,class_conditional
KIRP,58,0.8620689655172413,aps,0.1,class_conditional
LAML,35,1.0,aps,0.1,class_conditional
LGG,102,0.8627450980392157,aps,0.1,class_conditional
LIHC,74,0.918918918918919,aps,0.1,class_conditional
LUAD,103,0.912621359223301,aps,0.1,class_conditional
LUSC,100,0.95,aps,0.1,class_conditional
MESO,17,0.5882352941176471,aps,0.1,class_conditional
OV,84,0.9761904761904762,aps,0.1,class_conditional
PAAD,36,0.9722222222222222,aps,0.1,class_conditional
PCPG,35,0.9142857142857143,aps,0.1,class_conditional
PRAD,99,0.8282828282828283,aps,0.1,class_conditional
READ,18,1.0,aps,0.1,class_conditional
SARC,52,0.8076923076923077,aps,0.1,class_conditional
SKCM,20,0.75,aps,0.1,class_conditional
STAD,83,0.8795180722891566,aps,0.1,class_conditional
TGCT,26,0.8076923076923077,aps,0.1,class_conditional
THCA,101,0.9306930693069307,aps,0.1,class_conditional
THYM,24,0.9583333333333334,aps,0.1,class_conditional
UCEC,36,0.9722222222222222,aps,0.1,class_conditional
UCS,11,1.0,aps,0.1,class_conditional
UVM,16,0.9375,aps,0.1,class_conditional
ACC,15,0.9333333333333333,aps,0.05,marginal
BLCA,82,0.975609756097561,aps,0.05,marginal
BRCA,218,0.9495412844036697,aps,0.05,marginal
CESC,61,0.9836065573770492,aps,0.05,marginal
CHOL,7,1.0,aps,0.05,marginal
COAD,57,0.9649122807017544,aps,0.05,marginal
DLBC,9,1.0,aps,0.05,marginal
ESCA,36,0.8888888888888888,aps,0.05,marginal
GBM,30,0.9666666666666667,aps,0.05,marginal
HNSC,104,1.0,aps,0.05,marginal
KICH,13,1.0,aps,0.05,marginal
KIRC,106,0.9433962264150944,aps,0.05,marginal
KIRP,58,0.9137931034482759,aps,0.05,marginal
LAML,35,1.0,aps,0.05,marginal
LGG,102,0.9705882352941176,aps,0.05,marginal
LIHC,74,0.9459459459459459,aps,0.05,marginal
LUAD,103,0.9611650485436893,aps,0.05,marginal
LUSC,100,0.97,aps,0.05,marginal
MESO,17,0.9411764705882353,aps,0.05,marginal
OV,84,0.9761904761904762,aps,0.05,marginal
PAAD,36,0.9722222222222222,aps,0.05,marginal
PCPG,35,1.0,aps,0.05,marginal
PRAD,99,0.9393939393939394,aps,0.05,marginal
READ,18,0.8888888888888888,aps,0.05,marginal
SARC,52,0.9423076923076923,aps,0.05,marginal
SKCM,20,0.85,aps,0.05,marginal
STAD,83,0.9397590361445783,aps,0.05,marginal
TGCT,26,0.9230769230769231,aps,0.05,marginal
THCA,101,0.9306930693069307,aps,0.05,marginal
THYM,24,0.9166666666666666,aps,0.05,marginal
UCEC,36,1.0,aps,0.05,marginal
UCS,11,1.0,aps,0.05,marginal
UVM,16,1.0,aps,0.05,marginal
ACC,15,1.0,aps,0.05,class_conditional
BLCA,82,0.9878048780487805,aps,0.05,class_conditional
BRCA,218,0.9357798165137615,aps,0.05,class_conditional
CESC,61,1.0,aps,0.05,class_conditional
CHOL,7,1.0,aps,0.05,class_conditional
COAD,57,1.0,aps,0.05,class_conditional
DLBC,9,1.0,aps,0.05,class_conditional
ESCA,36,1.0,aps,0.05,class_conditional
GBM,30,1.0,aps,0.05,class_conditional
HNSC,104,1.0,aps,0.05,class_conditional
KICH,13,1.0,aps,0.05,class_conditional
KIRC,106,0.9905660377358491,aps,0.05,class_conditional
KIRP,58,1.0,aps,0.05,class_conditional
LAML,35,1.0,aps,0.05,class_conditional
LGG,102,0.9705882352941176,aps,0.05,class_conditional
LIHC,74,0.9594594594594594,aps,0.05,class_conditional
LUAD,103,0.970873786407767,aps,0.05,class_conditional
LUSC,100,0.97,aps,0.05,class_conditional
MESO,17,1.0,aps,0.05,class_conditional
OV,84,1.0,aps,0.05,class_conditional
PAAD,36,1.0,aps,0.05,class_conditional
PCPG,35,1.0,aps,0.05,class_conditional
PRAD,99,0.9191919191919192,aps,0.05,class_conditional
READ,18,1.0,aps,0.05,class_conditional
SARC,52,0.8846153846153846,aps,0.05,class_conditional
SKCM,20,1.0,aps,0.05,class_conditional
STAD,83,0.9518072289156626,aps,0.05,class_conditional
TGCT,26,1.0,aps,0.05,class_conditional
THCA,101,0.9603960396039604,aps,0.05,class_conditional
THYM,24,1.0,aps,0.05,class_conditional
UCEC,36,1.0,aps,0.05,class_conditional
UCS,11,1.0,aps,0.05,class_conditional
UVM,16,1.0,aps,0.05,class_conditional
ACC,15,0.8666666666666667,raps,0.1,marginal
BLCA,82,0.9146341463414634,raps,0.1,marginal
BRCA,218,0.9311926605504587,raps,0.1,marginal
CESC,61,0.9344262295081968,raps,0.1,marginal
CHOL,7,1.0,raps,0.1,marginal
COAD,57,0.8947368421052632,raps,0.1,marginal
DLBC,9,1.0,raps,0.1,marginal
ESCA,36,0.8055555555555556,raps,0.1,marginal
GBM,30,0.9333333333333333,raps,0.1,marginal
HNSC,104,0.9519230769230769,raps,0.1,marginal
KICH,13,0.9230769230769231,raps,0.1,marginal
KIRC,106,0.8962264150943396,raps,0.1,marginal
KIRP,58,0.896551724137931,raps,0.1,marginal
LAML,35,1.0,raps,0.1,marginal
LGG,102,0.9509803921568627,raps,0.1,marginal
LIHC,74,0.8783783783783784,raps,0.1,marginal
LUAD,103,0.9223300970873787,raps,0.1,marginal
LUSC,100,0.95,raps,0.1,marginal
MESO,17,0.9411764705882353,raps,0.1,marginal
OV,84,0.9166666666666666,raps,0.1,marginal
PAAD,36,0.9444444444444444,raps,0.1,marginal
PCPG,35,0.9142857142857143,raps,0.1,marginal
PRAD,99,0.8686868686868687,raps,0.1,marginal
READ,18,0.3888888888888889,raps,0.1,marginal
SARC,52,0.9423076923076923,raps,0.1,marginal
SKCM,20,0.75,raps,0.1,marginal
STAD,83,0.8795180722891566,raps,0.1,marginal
TGCT,26,0.8461538461538461,raps,0.1,marginal
THCA,101,0.8712871287128713,raps,0.1,marginal
THYM,24,0.9166666666666666,raps,0.1,marginal
UCEC,36,0.9166666666666666,raps,0.1,marginal
UCS,11,0.9090909090909091,raps,0.1,marginal
UVM,16,0.9375,raps,0.1,marginal
ACC,15,1.0,raps,0.1,class_conditional
BLCA,82,0.9634146341463414,raps,0.1,class_conditional
BRCA,218,0.8899082568807339,raps,0.1,class_conditional
CESC,61,1.0,raps,0.1,class_conditional
CHOL,7,1.0,raps,0.1,class_conditional
COAD,57,0.8771929824561403,raps,0.1,class_conditional
DLBC,9,1.0,raps,0.1,class_conditional
ESCA,36,1.0,raps,0.1,class_conditional
GBM,30,0.9666666666666667,raps,0.1,class_conditional
HNSC,104,0.9903846153846154,raps,0.1,class_conditional
KICH,13,1.0,raps,0.1,class_conditional
KIRC,106,0.9716981132075472,raps,0.1,class_conditional
KIRP,58,0.8620689655172413,raps,0.1,class_conditional
LAML,35,1.0,raps,0.1,class_conditional
LGG,102,0.7843137254901961,raps,0.1,class_conditional
LIHC,74,0.9459459459459459,raps,0.1,class_conditional
LUAD,103,0.9320388349514563,raps,0.1,class_conditional
LUSC,100,0.97,raps,0.1,class_conditional
MESO,17,1.0,raps,0.1,class_conditional
OV,84,0.9642857142857143,raps,0.1,class_conditional
PAAD,36,1.0,raps,0.1,class_conditional
PCPG,35,0.9142857142857143,raps,0.1,class_conditional
PRAD,99,0.8282828282828283,raps,0.1,class_conditional
READ,18,1.0,raps,0.1,class_conditional
SARC,52,0.8461538461538461,raps,0.1,class_conditional
SKCM,20,1.0,raps,0.1,class_conditional
STAD,83,0.927710843373494,raps,0.1,class_conditional
TGCT,26,0.8076923076923077,raps,0.1,class_conditional
THCA,101,0.9603960396039604,raps,0.1,class_conditional
THYM,24,0.9583333333333334,raps,0.1,class_conditional
UCEC,36,0.9722222222222222,raps,0.1,class_conditional
UCS,11,1.0,raps,0.1,class_conditional
UVM,16,1.0,raps,0.1,class_conditional
ACC,15,0.9333333333333333,raps,0.05,marginal
BLCA,82,0.9390243902439024,raps,0.05,marginal
BRCA,218,0.981651376146789,raps,0.05,marginal
CESC,61,0.9836065573770492,raps,0.05,marginal
CHOL,7,1.0,raps,0.05,marginal
COAD,57,0.9298245614035088,raps,0.05,marginal
DLBC,9,1.0,raps,0.05,marginal
ESCA,36,0.8055555555555556,raps,0.05,marginal
GBM,30,0.9666666666666667,raps,0.05,marginal
HNSC,104,0.9903846153846154,raps,0.05,marginal
KICH,13,1.0,raps,0.05,marginal
KIRC,106,0.9528301886792453,raps,0.05,marginal
KIRP,58,1.0,raps,0.05,marginal
LAML,35,1.0,raps,0.05,marginal
LGG,102,0.9901960784313726,raps,0.05,marginal
LIHC,74,0.972972972972973,raps,0.05,marginal
LUAD,103,0.9611650485436893,raps,0.05,marginal
LUSC,100,0.95,raps,0.05,marginal
MESO,17,0.9411764705882353,raps,0.05,marginal
OV,84,0.9880952380952381,raps,0.05,marginal
PAAD,36,0.9722222222222222,raps,0.05,marginal
PCPG,35,0.9714285714285714,raps,0.05,marginal
PRAD,99,1.0,raps,0.05,marginal
READ,18,0.3333333333333333,raps,0.05,marginal
SARC,52,0.9807692307692307,raps,0.05,marginal
SKCM,20,0.9,raps,0.05,marginal
STAD,83,0.9518072289156626,raps,0.05,marginal
TGCT,26,1.0,raps,0.05,marginal
THCA,101,0.9801980198019802,raps,0.05,marginal
THYM,24,0.9583333333333334,raps,0.05,marginal
UCEC,36,0.9166666666666666,raps,0.05,marginal
UCS,11,0.9090909090909091,raps,0.05,marginal
UVM,16,1.0,raps,0.05,marginal
ACC,15,1.0,raps,0.05,class_conditional
BLCA,82,1.0,raps,0.05,class_conditional
BRCA,218,0.9311926605504587,raps,0.05,class_conditional
CESC,61,1.0,raps,0.05,class_conditional
CHOL,7,1.0,raps,0.05,class_conditional
COAD,57,0.9473684210526315,raps,0.05,class_conditional
DLBC,9,1.0,raps,0.05,class_conditional
ESCA,36,1.0,raps,0.05,class_conditional
GBM,30,1.0,raps,0.05,class_conditional
HNSC,104,0.9903846153846154,raps,0.05,class_conditional
KICH,13,1.0,raps,0.05,class_conditional
KIRC,106,0.9905660377358491,raps,0.05,class_conditional
KIRP,58,1.0,raps,0.05,class_conditional
LAML,35,1.0,raps,0.05,class_conditional
LGG,102,0.9705882352941176,raps,0.05,class_conditional
LIHC,74,1.0,raps,0.05,class_conditional
LUAD,103,0.9320388349514563,raps,0.05,class_conditional
LUSC,100,0.98,raps,0.05,class_conditional
MESO,17,1.0,raps,0.05,class_conditional
OV,84,0.9880952380952381,raps,0.05,class_conditional
PAAD,36,1.0,raps,0.05,class_conditional
PCPG,35,1.0,raps,0.05,class_conditional
PRAD,99,0.9191919191919192,raps,0.05,class_conditional
READ,18,1.0,raps,0.05,class_conditional
SARC,52,0.8846153846153846,raps,0.05,class_conditional
SKCM,20,1.0,raps,0.05,class_conditional
STAD,83,0.9759036144578314,raps,0.05,class_conditional
TGCT,26,1.0,raps,0.05,class_conditional
THCA,101,0.9603960396039604,raps,0.05,class_conditional
THYM,24,1.0,raps,0.05,class_conditional
UCEC,36,1.0,raps,0.05,class_conditional
UCS,11,1.0,raps,0.05,class_conditional
UVM,16,1.0,raps,0.05,class_conditional
