universe,fraction,n_train,repeat,macro_f1
lncRNA,0.1,746,0,0.8853901667394739
lncRNA,0.1,746,1,0.8991539007559405
lncRNA,0.1,746,2,0.8994341908101343
lncRNA,0.2,1493,0,0.906736874352811
lncRNA,0.2,1493,1,0.9134858582392607
lncRNA,0.2,1493,2,0.9250145644893465
lncRNA,0.35,2614,0,0.9251878078598652
lncRNA,0.35,2614,1,0.9178228533069289
lncRNA,0.35,2614,2,0.9250274180686
lncRNA,0.5,3734,0,0.9273717657002929
lncRNA,0.5,3734,1,0.9310545365282595
lncRNA,0.5,3734,2,0.9357188188907729
lncRNA,0.75,5601,0,0.9420941819139212
lncRNA,0.75,5601,1,0.9432156783578932
lncRNA,0.75,5601,2,0.9455100021980029
lncRNA,1.0,7469,0,0.9456686063747219
protein_coding,0.1,746,0,0.8686830768954376
protein_coding,0.1,746,1,0.8922703905282379
protein_coding,0.1,746,2,0.8731195222243656
protein_coding,0.2,1493,0,0.8859716470324451
protein_coding,0.2,1493,1,0.9023701684726796
protein_coding,0.2,1493,2,0.9020852871753758
protein_coding,0.35,2614,0,0.9168366499519089
protein_coding,0.35,2614,1,0.9253556502267836
protein_coding,0.35,2614,2,0.9115169577927775
protein_coding,0.5,3734,0,0.916283645305549
protein_coding,0.5,3734,1,0.9240547003900972
protein_coding,0.5,3734,2,0.9158201718821265
protein_coding,0.75,5601,0,0.9310683058696424
protein_coding,0.75,5601,1,0.9309345885161746
protein_coding,0.75,5601,2,0.9279917227260517
protein_coding,1.0,7469,0,0.9354091827660724
