cancer_type,n_train,jaccard_mean,jaccard_low,jaccard_high,markers_selected_in_90pct,shap_overlap
ACC,62,0.5865800865800865,0.42857142857142855,0.8181818181818182,4,3
BLCA,325,0.5252747252747253,0.3333333333333333,0.6666666666666666,4,2
BRCA,873,0.6273171273171274,0.42857142857142855,0.8181818181818182,5,4
CESC,243,0.4954351204351204,0.3104166666666667,0.7083333333333331,4,3
CHOL,29,0.4163219133807369,0.2297794117647059,0.5737179487179485,1,3
COAD,229,0.3443959635136107,0.17647058823529413,0.5737179487179485,1,0
DLBC,38,0.6403596403596404,0.42857142857142855,0.8181818181818182,4,4
ESCA,145,0.4387057387057387,0.25,0.6666666666666666,3,1
GBM,122,0.6753690753690752,0.48205128205128206,0.8181818181818182,4,2
HNSC,414,0.37298534798534805,0.25,0.5384615384615384,1,1
KICH,53,0.5026085026085026,0.3333333333333333,0.7083333333333331,4,4
KIRC,424,0.3805986497162968,0.17647058823529413,0.5737179487179485,1,2
KIRP,230,0.3654492566257273,0.17647058823529413,0.6666666666666666,1,4
LAML,138,0.6247641247641247,0.42857142857142855,0.8181818181818182,4,4
LGG,406,0.5173659673659674,0.25,0.8181818181818182,3,1
LIHC,295,0.47500000000000003,0.3104166666666667,0.6666666666666666,4,3
LUAD,410,0.4800976800976801,0.3333333333333333,0.6666666666666666,4,4
LUSC,398,0.42087912087912094,0.3333333333333333,0.5737179487179485,4,4
MESO,70,0.49377011877011884,0.3104166666666667,0.8181818181818182,1,3
OV,336,0.7442890442890441,0.5384615384615384,1.0,4,5
PAAD,142,0.5403374403374402,0.4023809523809524,0.7083333333333331,6,5
PCPG,142,0.6951048951048951,0.5384615384615384,1.0,4,4
PRAD,396,0.7180597180597182,0.42857142857142855,1.0,5,7
READ,73,0.38885558885558896,0.25,0.8181818181818182,2,2
SARC,206,0.3692738633915105,0.17647058823529413,0.6666666666666666,1,2
SKCM,82,0.7909090909090907,0.6666666666666666,1.0,5,5
STAD,331,0.5041514041514041,0.3333333333333333,0.6666666666666666,4,2
TGCT,106,0.7399378399378397,0.5384615384615384,0.8681818181818179,5,7
THCA,403,0.8232323232323229,0.6666666666666666,1.0,8,8
THYM,95,0.5062715062715063,0.3333333333333333,0.7083333333333331,3,5
UCEC,144,0.5316683316683316,0.3333333333333333,0.7083333333333331,2,7
UCS,46,0.4291424262012497,0.2297794117647059,0.6666666666666666,0,5
UVM,63,0.761149961149961,0.5384615384615384,1.0,5,6
