cancer_type,rank,gene_id,gene_name,selection_frequency,in_shap_top10
ACC,1,ENSG00000166917.8,MIR202HG,1.0,True
ACC,2,ENSG00000099869.7,IGF2-AS,0.9666666666666667,False
ACC,3,ENSG00000240801.1,AC132217.4,0.9333333333333333,True
ACC,4,ENSG00000268621.5,AC006262.5,0.8666666666666667,False
ACC,5,ENSG00000268203.1,CTD-2396E7.9,0.9666666666666667,True
ACC,6,ENSG00000272742.1,CTB-43P18.1,0.6333333333333333,False
ACC,7,ENSG00000268555.1,RP11-678G14.3,0.5,False
ACC,8,ENSG00000274177.1,LLNLR-284B4.1,0.4666666666666667,False
ACC,9,ENSG00000272368.2,RP4-605O3.4,0.6333333333333333,False
ACC,10,ENSG00000268006.1,PTOV1-AS1,0.36666666666666664,False
BLCA,1,ENSG00000269186.1,LINC01082,1.0,True
BLCA,2,ENSG00000226738.1,CTA-384D8.31,0.8666666666666667,False
BLCA,3,ENSG00000254560.5,BBOX1-AS1,0.9,True
BLCA,4,ENSG00000268388.5,FENDRR,0.9333333333333333,False
BLCA,5,ENSG00000275874.1,LINC00162,0.8333333333333334,False
BLCA,6,ENSG00000230387.2,RP4-737E23.2,0.9,False
BLCA,7,ENSG00000273297.1,RP11-38M8.1,0.6666666666666666,False
BLCA,8,ENSG00000237380.6,HOXD-AS2,0.26666666666666666,False
BLCA,9,ENSG00000232993.1,RP11-334A14.5,0.26666666666666666,False
BLCA,10,ENSG00000244675.2,AC108676.1,0.2,False
BRCA,1,ENSG00000228639.6,AC005152.3,1.0,True
BRCA,2,ENSG00000256916.1,RP11-817J15.2,1.0,False
BRCA,3,ENSG00000228630.5,HOTAIR,0.9666666666666667,False
BRCA,4,ENSG00000249641.2,HOXC13-AS,0.5,False
BRCA,5,ENSG00000244468.1,RP11-206M11.7,0.8333333333333334,False
BRCA,6,ENSG00000224842.2,RP11-123K19.1,1.0,True
BRCA,7,ENSG00000261039.2,RP11-417E7.2,0.9333333333333333,True
BRCA,8,ENSG00000235687.8,LINC00993,0.8,True
BRCA,9,ENSG00000280081.3,MGC39584,0.1,False
BRCA,10,ENSG00000226197.2,RP11-536O18.1,0.5333333333333333,False
CESC,1,ENSG00000269210.2,RP11-173C1.1,1.0,True
CESC,2,ENSG00000234614.1,AL450992.2,0.9666666666666667,False
CESC,3,ENSG00000258498.6,DIO3OS,0.9333333333333333,False
CESC,4,ENSG00000249082.2,C5orf66-AS1,0.9333333333333333,True
CESC,5,ENSG00000227121.1,RP11-319F12.2,0.5666666666666667,False
CESC,6,ENSG00000253187.2,HOXA10-AS,0.7666666666666667,False
CESC,7,ENSG00000241990.5,PRR34-AS1,0.3,False
CESC,8,ENSG00000261353.1,CTA-14H9.5,0.3333333333333333,False
CESC,9,ENSG00000228223.2,HCG11,0.3,False
CESC,10,ENSG00000275632.1,RP5-967N21.11,0.43333333333333335,True
CHOL,1,ENSG00000273038.2,RP11-479G22.8,1.0,True
CHOL,2,ENSG00000274177.1,LLNLR-284B4.1,0.8333333333333334,False
CHOL,3,ENSG00000274630.1,RP11-229E13.4,0.5666666666666667,False
CHOL,4,ENSG00000269926.1,RP11-442H21.2,0.3,False
CHOL,5,ENSG00000262188.1,RP11-353N14.4,0.4,False
CHOL,6,ENSG00000266010.1,GATA6-AS1,0.3,False
CHOL,7,ENSG00000265962.1,GACAT2,0.6666666666666666,False
CHOL,8,ENSG00000235026.5,DPP10-AS1,0.4666666666666667,True
CHOL,9,ENSG00000231013.1,AC013275.2,0.4666666666666667,False
CHOL,10,ENSG00000224739.2,AC016735.1,0.7666666666666667,True
COAD,1,ENSG00000276232.1,SCARNA10,0.9333333333333333,False
COAD,2,ENSG00000232679.1,RP11-400N13.3,0.8666666666666667,False
COAD,3,ENSG00000268739.1,CTC-518B2.12,0.5666666666666667,False
COAD,4,ENSG00000254911.3,SCARNA9,0.43333333333333335,False
COAD,5,ENSG00000253187.2,HOXA10-AS,0.6333333333333333,False
COAD,6,ENSG00000261790.1,AC005606.14,0.3,False
COAD,7,ENSG00000274177.1,LLNLR-284B4.1,0.5333333333333333,False
COAD,8,ENSG00000254721.1,RP11-805J14.5,0.16666666666666666,False
COAD,9,ENSG00000233695.2,GAS6-AS1,0.3,False
COAD,10,ENSG00000240990.9,HOXA11-AS,0.3,False
DLBC,1,ENSG00000234883.3,MIR155HG,1.0,True
DLBC,2,ENSG00000224137.1,AC079767.4,1.0,True
DLBC,3,ENSG00000230155.6,RP3-477O4.14,0.7333333333333333,True
DLBC,4,ENSG00000272269.1,RP11-500C11.3,0.7666666666666667,True
DLBC,5,ENSG00000260896.5,PRCAT47,0.9666666666666667,False
DLBC,6,ENSG00000272053.1,RP11-367G6.3,0.9666666666666667,False
DLBC,7,ENSG00000265206.3,RP5-1171I10.5,0.8333333333333334,False
DLBC,8,ENSG00000216895.8,AC009403.2,0.7333333333333333,False
DLBC,9,ENSG00000249249.1,AC010226.4,0.5,False
DLBC,10,ENSG00000227591.5,RP1-28O10.1,0.23333333333333334,False
ESCA,1,ENSG00000265840.1,AC010761.10,1.0,False
ESCA,2,ENSG00000262456.1,RP1-59D14.1,1.0,True
ESCA,3,ENSG00000188242.4,PP7080,0.9333333333333333,False
ESCA,4,ENSG00000269893.6,SNHG8,0.5666666666666667,False
ESCA,5,ENSG00000264578.1,RP11-360L9.8,0.7666666666666667,False
ESCA,6,ENSG00000240618.1,RP11-206L10.5,0.7,False
ESCA,7,ENSG00000265218.1,RP11-927P21.1,0.23333333333333334,False
ESCA,8,ENSG00000255191.1,RP11-626H12.1,0.13333333333333333,False
ESCA,9,ENSG00000273142.1,RP11-458F8.4,0.3333333333333333,False
ESCA,10,ENSG00000253364.1,RP11-731F5.2,0.3333333333333333,False
GBM,1,ENSG00000267143.1,RP11-677O4.6,1.0,False
GBM,2,ENSG00000236782.5,RP11-96L14.7,0.9666666666666667,False
GBM,3,ENSG00000257342.1,RP11-571M6.7,0.9666666666666667,False
GBM,4,ENSG00000272478.1,RP1-317E23.7,1.0,False
GBM,5,ENSG00000259939.1,RP11-77H9.5,0.6666666666666666,False
GBM,6,ENSG00000254919.1,RP11-698N11.2,0.7666666666666667,True
GBM,7,ENSG00000268854.1,CTD-2545M3.2,0.6333333333333333,False
GBM,8,ENSG00000266402.3,SNHG25,0.7,False
GBM,9,ENSG00000260892.1,CTD-2026K11.1,0.6666666666666666,False
GBM,10,ENSG00000275830.1,RP11-403A3.3,0.6333333333333333,True
HNSC,1,ENSG00000231346.5,LINC01160,1.0,True
HNSC,2,ENSG00000261327.4,RP11-863P13.3,0.8,False
HNSC,3,ENSG00000231412.2,CTC-490G23.2,0.8333333333333334,False
HNSC,4,ENSG00000266341.1,RP5-890E16.4,0.3,False
HNSC,5,ENSG00000275216.1,RP11-54H7.4,0.23333333333333334,False
HNSC,6,ENSG00000276131.1,RP11-481J2.3,0.4666666666666667,False
HNSC,7,ENSG00000281162.2,LINC01127,0.4,False
HNSC,8,ENSG00000254721.1,RP11-805J14.5,0.6,False
HNSC,9,ENSG00000244675.2,AC108676.1,0.5666666666666667,False
HNSC,10,ENSG00000249684.5,RP11-423H2.3,0.16666666666666666,False
KICH,1,ENSG00000269933.1,RP3-333A15.2,0.9333333333333333,False
KICH,2,ENSG00000249601.2,LINC01187,0.5,True
KICH,3,ENSG00000259065.1,RP5-1021I20.1,0.4,False
KICH,4,ENSG00000232229.5,LINC00865,0.5,False
KICH,5,ENSG00000177133.10,LINC00982,0.9666666666666667,True
KICH,6,ENSG00000261399.1,LA16c-329F2.1,0.9666666666666667,True
KICH,7,ENSG00000254528.7,RP11-728F11.4,0.9,True
KICH,8,ENSG00000228705.1,LINC00659,0.6,False
KICH,9,ENSG00000261434.1,CTD-2083E4.7,0.6,False
KICH,10,ENSG00000218537.1,MIF-AS1,0.23333333333333334,False
KIRC,1,ENSG00000214145.6,LINC00887,1.0,True
KIRC,2,ENSG00000273389.1,RP13-514E23.2,0.8,False
KIRC,3,ENSG00000275431.1,CTB-186H2.3,0.43333333333333335,False
KIRC,4,ENSG00000269994.1,RP11-276H19.2,0.6,False
KIRC,5,ENSG00000235288.3,RP11-70C1.3,0.3,False
KIRC,6,ENSG00000249166.1,RP11-1C1.6,0.6,False
KIRC,7,ENSG00000254911.3,SCARNA9,0.23333333333333334,False
KIRC,8,ENSG00000257607.1,RP11-449P15.1,0.5333333333333333,False
KIRC,9,ENSG00000228262.8,LINC01320,0.6333333333333333,True
KIRC,10,ENSG00000215808.2,LINC01139,0.3,False
KIRP,1,ENSG00000223814.1,RP11-543D5.2,0.9666666666666667,True
KIRP,2,ENSG00000228951.1,RP11-336A10.4,0.5,False
KIRP,3,ENSG00000233725.7,LINC00284,0.5666666666666667,False
KIRP,4,ENSG00000232110.7,RP11-149I23.3,0.7666666666666667,True
KIRP,5,ENSG00000236318.1,AC019117.1,0.5666666666666667,False
KIRP,6,ENSG00000225431.1,AP001626.1,0.36666666666666664,True
KIRP,7,ENSG00000258616.5,RP11-369C8.1,0.4666666666666667,False
KIRP,8,ENSG00000260923.5,AC137934.1,0.2,False
KIRP,9,ENSG00000260246.1,AC000032.2,0.26666666666666666,False
KIRP,10,ENSG00000272899.2,RP11-309L24.4,0.5666666666666667,True
LAML,1,ENSG00000136315.4,RP11-84C10.2,1.0,False
LAML,2,ENSG00000229671.1,LINC01150,1.0,False
LAML,3,ENSG00000276216.1,CH17-373J23.1,1.0,False
LAML,4,ENSG00000260693.1,AC026150.8,1.0,False
LAML,5,ENSG00000254911.3,SCARNA9,0.8333333333333334,False
LAML,6,ENSG00000272053.1,RP11-367G6.3,0.8333333333333334,True
LAML,7,ENSG00000261064.1,RP11-1000B6.3,0.8,True
LAML,8,ENSG00000262766.1,RP11-196G11.4,0.5666666666666667,True
LAML,9,ENSG00000257654.1,RP11-497G19.2,0.5666666666666667,False
LAML,10,ENSG00000255197.5,RP11-750H9.5,0.03333333333333333,True
LGG,1,ENSG00000266844.1,RP11-862L9.3,1.0,False
LGG,2,ENSG00000265401.1,RP11-138I1.4,0.9666666666666667,False
LGG,3,ENSG00000266036.1,RP11-452I5.2,0.8333333333333334,False
LGG,4,ENSG00000239268.2,RP11-384F7.2,0.8333333333333334,False
LGG,5,ENSG00000248015.6,AC005329.7,0.6,False
LGG,6,ENSG00000260664.2,AC004158.3,0.9666666666666667,True
LGG,7,ENSG00000249307.5,LINC01088,0.4666666666666667,False
LGG,8,ENSG00000234183.1,AC004854.4,0.5,False
LGG,9,ENSG00000254452.1,RP11-867G23.4,0.2,False
LGG,10,ENSG00000281383.1,CH507-513H4.5,0.3333333333333333,False
LIHC,1,ENSG00000251164.1,HULC,1.0,True
LIHC,2,ENSG00000205106.4,DKFZp779M0652,0.9,False
LIHC,3,ENSG00000256802.2,RP11-680F8.1,0.5666666666666667,False
LIHC,4,ENSG00000226733.1,RP11-397G17.1,0.7666666666666667,False
LIHC,5,ENSG00000261012.2,RP11-116D2.1,1.0,True
LIHC,6,ENSG00000276980.1,CTD-3128G10.7,0.9,True
LIHC,7,ENSG00000258867.5,LINC01146,0.5333333333333333,False
LIHC,8,ENSG00000227906.7,SNAP25-AS1,0.1,False
LIHC,9,ENSG00000259974.2,LINC00261,0.3,False
LIHC,10,ENSG00000280081.3,MGC39584,0.3,False
LUAD,1,ENSG00000225383.6,SFTA1P,1.0,True
LUAD,2,ENSG00000259225.6,RP11-1008C21.1,0.8333333333333334,False
LUAD,3,ENSG00000236345.1,RP11-59D5__B.2,0.36666666666666664,True
LUAD,4,ENSG00000274002.1,RP11-66N24.6,0.9333333333333333,False
LUAD,5,ENSG00000257764.2,RP11-1143G9.4,0.36666666666666664,False
LUAD,6,ENSG00000253563.2,NKX2-1-AS1,0.9666666666666667,True
LUAD,7,ENSG00000256151.1,RP11-76C10.5,0.9,True
LUAD,8,ENSG00000267458.1,CTC-425F1.4,0.3,False
LUAD,9,ENSG00000224189.6,HAGLR,0.3,False
LUAD,10,ENSG00000249746.1,RP11-254I22.3,0.4666666666666667,False
LUSC,1,ENSG00000225383.6,SFTA1P,1.0,True
LUSC,2,ENSG00000248801.6,C8orf34-AS1,1.0,True
LUSC,3,ENSG00000266341.1,RP5-890E16.4,0.9666666666666667,False
LUSC,4,ENSG00000282012.1,LL22NC03-N95F10.1,0.9,False
LUSC,5,ENSG00000274415.1,RP11-433J22.2,0.2,False
LUSC,6,ENSG00000233101.10,HOXB-AS3,0.23333333333333334,True
LUSC,7,ENSG00000249096.6,RP11-290F5.1,0.6666666666666666,False
LUSC,8,ENSG00000257663.1,RP11-1100L3.7,0.4,False
LUSC,9,ENSG00000256462.1,RP11-116G8.5,0.3,True
LUSC,10,ENSG00000268205.1,CTC-444N24.11,0.2,False
MESO,1,ENSG00000225383.6,SFTA1P,0.8,False
MESO,2,ENSG00000254337.1,RP11-865I6.2,0.5,False
MESO,3,ENSG00000250320.5,CTD-2269F5.1,0.3333333333333333,False
MESO,4,ENSG00000203711.11,C6orf99,0.6,False
MESO,5,ENSG00000259353.1,RP11-30K9.5,0.8333333333333334,True
MESO,6,ENSG00000260025.1,RP11-490M8.1,0.9,True
MESO,7,ENSG00000276850.4,CH17-360D5.2,0.8,True
MESO,8,ENSG00000250056.5,LINC01018,0.7,False
MESO,9,ENSG00000223485.1,RP11-417E7.1,0.6,False
MESO,10,ENSG00000228113.7,AC003991.3,0.43333333333333335,False
OV,1,ENSG00000259001.3,RPPH1,1.0,True
OV,2,ENSG00000231295.1,RP4-797C5.2,0.8,True
OV,3,ENSG00000183242.11,WT1-AS,1.0,True
OV,4,ENSG00000267601.1,RP11-323N12.5,1.0,True
OV,5,ENSG00000255750.5,RP11-283G6.5,1.0,True
OV,6,ENSG00000269972.1,RP3-430N8.10,0.8666666666666667,False
OV,7,ENSG00000272440.1,RP11-379F4.6,0.8333333333333334,False
OV,8,ENSG00000256013.1,RP11-27M24.1,0.8,False
OV,9,ENSG00000272933.1,RP11-47A8.5,0.4,False
OV,10,ENSG00000256234.1,RP11-283G6.4,0.7666666666666667,False
PAAD,1,ENSG00000176840.11,MIR7-3HG,1.0,True
PAAD,2,ENSG00000186369.9,LINC00643,1.0,False
PAAD,3,ENSG00000231013.1,AC013275.2,1.0,True
PAAD,4,ENSG00000248810.1,RP11-362F19.1,0.9666666666666667,True
PAAD,5,ENSG00000237643.1,RP11-462G2.1,0.9666666666666667,False
PAAD,6,ENSG00000259353.1,RP11-30K9.5,0.9666666666666667,False
PAAD,7,ENSG00000259663.2,CTD-2314G24.2,0.26666666666666666,True
PAAD,8,ENSG00000273132.1,RP11-350J20.12,0.5666666666666667,True
PAAD,9,ENSG00000270132.1,WISP1-OT1,0.03333333333333333,False
PAAD,10,ENSG00000233532.5,LINC00460,0.2,False
PCPG,1,ENSG00000265282.1,RP11-269G24.4,0.7666666666666667,True
PCPG,2,ENSG00000237125.8,HAND2-AS1,1.0,True
PCPG,3,ENSG00000229407.5,RP11-12M5.3,1.0,True
PCPG,4,ENSG00000256725.1,RP11-662M24.2,0.9666666666666667,False
PCPG,5,ENSG00000176840.11,MIR7-3HG,0.8666666666666667,True
PCPG,6,ENSG00000261762.1,RP11-650L12.2,0.9333333333333333,False
PCPG,7,ENSG00000225783.6,MIAT,0.6666666666666666,False
PCPG,8,ENSG00000243350.1,RP11-379F12.3,0.6666666666666666,False
PCPG,9,ENSG00000228214.6,LINC00693,0.5666666666666667,False
PCPG,10,ENSG00000267034.1,RP11-384O8.1,0.7,False
PRAD,1,ENSG00000275563.1,CTD-2311B13.5,1.0,True
PRAD,2,ENSG00000276888.1,RP11-244H18.1,1.0,True
PRAD,3,ENSG00000225937.1,PCA3,0.9,True
PRAD,4,ENSG00000258414.1,RP11-356O9.1,0.9666666666666667,True
PRAD,5,ENSG00000242407.1,CTD-2377D24.4,0.7666666666666667,False
PRAD,6,ENSG00000236666.1,POTEH-AS1,0.9333333333333333,True
PRAD,7,ENSG00000255240.5,RP11-142C4.6,0.8333333333333334,False
PRAD,8,ENSG00000269186.1,LINC01082,0.5333333333333333,False
PRAD,9,ENSG00000280623.1,PCAT14,0.7333333333333333,True
PRAD,10,ENSG00000248408.1,RP11-452C8.1,0.5666666666666667,True
READ,1,ENSG00000242407.1,CTD-2377D24.4,1.0,True
READ,2,ENSG00000258377.1,RP11-649E7.5,0.9,True
READ,3,ENSG00000184809.12,B3GALT5-AS1,0.6,False
READ,4,ENSG00000269186.1,LINC01082,0.5666666666666667,False
READ,5,ENSG00000204876.4,AC021218.2,0.4666666666666667,False
READ,6,ENSG00000236782.5,RP11-96L14.7,0.7,False
READ,7,ENSG00000254501.1,AP003068.9,0.13333333333333333,False
READ,8,ENSG00000277247.1,RP11-785D18.3,0.36666666666666664,False
READ,9,ENSG00000231864.2,RP11-229P13.23,0.6,False
READ,10,ENSG00000255310.2,AF131215.2,0.13333333333333333,False
SARC,1,ENSG00000230630.2,DNM3OS,1.0,True
SARC,2,ENSG00000231106.2,LINC01436,0.8666666666666667,False
SARC,3,ENSG00000232679.1,RP11-400N13.3,0.3,False
SARC,4,ENSG00000267272.5,LINC01140,0.7,False
SARC,5,ENSG00000261534.1,RP11-244O19.1,0.23333333333333334,False
SARC,6,ENSG00000265148.5,BZRAP1-AS1,0.4666666666666667,False
SARC,7,ENSG00000253645.1,CTD-2544N14.3,0.13333333333333333,False
SARC,8,ENSG00000274248.1,AJ011932.1,0.3333333333333333,False
SARC,9,ENSG00000232527.7,RP11-14N7.2,0.8666666666666667,True
SARC,10,ENSG00000270039.1,RP11-571M6.17,0.36666666666666664,False
SKCM,1,ENSG00000183674.11,LINC00518,1.0,True
SKCM,2,ENSG00000254416.5,RP11-347E10.1,1.0,True
SKCM,3,ENSG00000225106.1,RP11-429E11.2,0.8,True
SKCM,4,ENSG00000259006.1,RP11-566K11.4,1.0,True
SKCM,5,ENSG00000258791.7,LINC00520,1.0,False
SKCM,6,ENSG00000237438.6,CECR7,1.0,False
SKCM,7,ENSG00000278910.3,BANCR,0.8666666666666667,False
SKCM,8,ENSG00000260577.2,RP11-615I2.2,0.6333333333333333,False
SKCM,9,ENSG00000259985.1,RP11-549B18.1,0.8,False
SKCM,10,ENSG00000262223.6,RP11-1055B8.3,0.7,True
STAD,1,ENSG00000268592.3,RAET1E-AS1,1.0,True
STAD,2,ENSG00000258757.1,RP11-841O20.2,0.9333333333333333,False
STAD,3,ENSG00000256013.1,RP11-27M24.1,0.9,False
STAD,4,ENSG00000272440.1,RP11-379F4.6,0.9333333333333333,True
STAD,5,ENSG00000256377.5,RP11-1060J15.4,0.26666666666666666,False
STAD,6,ENSG00000218537.1,MIF-AS1,0.6,False
STAD,7,ENSG00000267601.1,RP11-323N12.5,0.6333333333333333,False
STAD,8,ENSG00000269888.1,RP11-3P17.5,0.5666666666666667,False
STAD,9,ENSG00000259663.2,CTD-2314G24.2,0.3333333333333333,False
STAD,10,ENSG00000266402.3,SNHG25,0.4666666666666667,False
TGCT,1,ENSG00000249532.3,RP11-148B6.1,1.0,True
TGCT,2,ENSG00000269564.1,AC008753.4,1.0,True
TGCT,3,ENSG00000282024.1,RP3-467D16.3,0.8666666666666667,True
TGCT,4,ENSG00000226091.7,LINC00937,1.0,True
TGCT,5,ENSG00000215866.7,LINC01356,1.0,False
TGCT,6,ENSG00000223403.3,MEG9,0.8,True
TGCT,7,ENSG00000280623.1,PCAT14,0.7666666666666667,True
TGCT,8,ENSG00000233056.2,ERVH48-1,0.9666666666666667,True
TGCT,9,ENSG00000265992.1,ESRG,0.6333333333333333,False
TGCT,10,ENSG00000231346.5,LINC01160,0.43333333333333335,False
THCA,1,ENSG00000233705.6,SLC26A4-AS1,1.0,True
THCA,2,ENSG00000236130.1,PTCSC2,1.0,True
THCA,3,ENSG00000259104.2,PTCSC3,1.0,True
THCA,4,ENSG00000225742.5,RP11-513G11.4,1.0,True
THCA,5,ENSG00000259052.1,AL157871.2,1.0,True
THCA,6,ENSG00000260057.5,LINC01571,1.0,True
THCA,7,ENSG00000248636.6,RP11-768F21.1,1.0,True
THCA,8,ENSG00000253563.2,NKX2-1-AS1,1.0,True
THCA,9,ENSG00000260943.1,RP11-476D10.1,0.5333333333333333,False
THCA,10,ENSG00000267259.1,CTD-2008P7.9,0.4666666666666667,False
THYM,1,ENSG00000186960.10,LINC01551,1.0,True
THYM,2,ENSG00000236656.1,RP11-144L1.4,0.7,True
THYM,3,ENSG00000216921.7,AC131097.4,1.0,True
THYM,4,ENSG00000236028.1,RP11-323C15.2,0.6,False
THYM,5,ENSG00000279141.3,LINC01451,0.9333333333333333,True
THYM,6,ENSG00000215458.8,AATBC,0.7333333333333333,False
THYM,7,ENSG00000250682.5,LINC00491,0.5,False
THYM,8,ENSG00000261520.5,DLGAP1-AS5,0.3333333333333333,False
THYM,9,ENSG00000196421.7,LINC00176,0.6,True
THYM,10,ENSG00000214725.7,CDIPT-AS1,0.23333333333333334,False
UCEC,1,ENSG00000255126.1,CTD-2531D15.5,1.0,True
UCEC,2,ENSG00000226816.2,AC005082.12,0.9666666666666667,True
UCEC,3,ENSG00000277749.1,RP11-60L3.6,0.8333333333333334,True
UCEC,4,ENSG00000277534.1,RP11-9E17.1,0.8333333333333334,True
UCEC,5,ENSG00000231764.8,DLX6-AS1,0.7,True
UCEC,6,ENSG00000273796.1,LL21NC02-21A1.1,0.8,True
UCEC,7,ENSG00000233725.7,LINC00284,0.6333333333333333,False
UCEC,8,ENSG00000230061.2,TRPM2-AS,0.4666666666666667,True
UCEC,9,ENSG00000273313.1,RBAKDN,0.36666666666666664,False
UCEC,10,ENSG00000226644.5,RP11-128M1.1,0.26666666666666666,False
UCS,1,ENSG00000231764.8,DLX6-AS1,0.8666666666666667,True
UCS,2,ENSG00000274177.1,LLNLR-284B4.1,0.7333333333333333,True
UCS,3,ENSG00000276445.1,LLNLR-268E12.1,0.7,True
UCS,4,ENSG00000254337.1,RP11-865I6.2,0.7333333333333333,False
UCS,5,ENSG00000270866.1,RP11-706J10.2,0.8333333333333334,True
UCS,6,ENSG00000267791.1,CTD-2659N19.2,0.3333333333333333,False
UCS,7,ENSG00000259264.5,RP11-60L3.1,0.6,False
UCS,8,ENSG00000230630.2,DNM3OS,0.5666666666666667,True
UCS,9,ENSG00000272742.1,CTB-43P18.1,0.23333333333333334,False
UCS,10,ENSG00000262477.1,AC021224.1,0.3,False
UVM,1,ENSG00000261195.1,CTD-2380F24.1,1.0,True
UVM,2,ENSG00000282164.1,RP11-570L14.2,1.0,False
UVM,3,ENSG00000232803.1,SLCO4A1-AS1,1.0,True
UVM,4,ENSG00000226674.8,TEX41,1.0,True
UVM,5,ENSG00000225106.1,RP11-429E11.2,0.7666666666666667,False
UVM,6,ENSG00000232656.7,IDI2-AS1,0.6666666666666666,True
UVM,7,ENSG00000262223.6,RP11-1055B8.3,1.0,True
UVM,8,ENSG00000183674.11,LINC00518,0.7,True
UVM,9,ENSG00000224243.1,LINC00403,0.7666666666666667,False
UVM,10,ENSG00000237989.1,AP001046.5,0.7,False
