universe,cohort,tcga_classes,n,accuracy,top3
lncRNA,ACC,ACC,8,0.0,0.0
lncRNA,BLCA,BLCA,16,0.0,0.0
lncRNA,BRCA,BRCA,92,0.0,0.0
lncRNA,CHOL,CHOL,26,0.0,0.0
lncRNA,COLO,COAD/READ,11,1.0,1.0
lncRNA,ESCA,ESCA,12,0.0,0.0
lncRNA,GBM,GBM,5,0.0,0.0
lncRNA,HCC,LIHC,5,0.0,0.0
lncRNA,HNSC,HNSC,24,0.0,1.0
lncRNA,KDNY,KICH/KIRC/KIRP,7,0.0,0.0
lncRNA,LUNG,LUAD/LUSC,24,0.0,0.0
lncRNA,OV,OV,13,0.0,0.0
lncRNA,PAAD,PAAD,14,0.0,0.0
lncRNA,PRAD,PRAD,91,0.0,0.0
lncRNA,SARC,SARC,58,0.0,0.0
lncRNA,SKCM,SKCM,13,0.0,0.0
lncRNA,STAD,STAD,8,0.0,1.0
lncRNA,TGCT,TGCT,3,0.0,0.0
lncRNA,THCA,THCA,4,0.0,0.0
lncRNA,THYM,THYM,3,0.0,0.0
protein_coding,ACC,ACC,8,0.75,1.0
protein_coding,BLCA,BLCA,16,0.5,0.5625
protein_coding,BRCA,BRCA,92,0.8043478260869565,0.9130434782608695
protein_coding,CHOL,CHOL,26,0.4230769230769231,0.6538461538461539
protein_coding,COLO,COAD/READ,11,0.6363636363636364,0.7272727272727273
protein_coding,ESCA,ESCA,12,0.08333333333333333,0.4166666666666667
protein_coding,GBM,GBM,5,0.2,1.0
protein_coding,HCC,LIHC,5,1.0,1.0
protein_coding,HNSC,HNSC,24,0.4166666666666667,0.7083333333333334
protein_coding,KDNY,KICH/KIRC/KIRP,7,0.5714285714285714,1.0
protein_coding,LUNG,LUAD/LUSC,24,0.75,0.8333333333333334
protein_coding,OV,OV,13,0.7692307692307693,0.8461538461538461
protein_coding,PAAD,PAAD,14,0.21428571428571427,0.5714285714285714
protein_coding,PRAD,PRAD,91,0.7802197802197802,0.8571428571428571
protein_coding,SARC,SARC,58,0.7586206896551724,0.8620689655172413
protein_coding,SKCM,SKCM,13,0.6153846153846154,0.9230769230769231
protein_coding,STAD,STAD,8,0.25,0.625
protein_coding,TGCT,TGCT,3,0.3333333333333333,0.6666666666666666
protein_coding,THCA,THCA,4,0.25,0.5
protein_coding,THYM,THYM,3,1.0,1.0
