cancer_type,rank,gene_name,n,rho_immune,rho_stromal,microenvironmental
ACC,1,MIR202HG,77,-0.3443398706556601,-0.07295336242704663,False
ACC,2,NFE4,77,-0.3523937220241409,-0.1264952546642162,False
ACC,3,AC132217.4,77,0.0040222934959777065,-0.17256427782743572,False
ACC,4,CTD-2396E7.9,77,-0.4810013545519276,-0.1845170842385128,False
ACC,5,AL450992.2,77,0.3110949278714384,0.18479564364165083,False
ACC,6,AC007009.1,77,0.41725814811407375,0.2238040270530472,False
ACC,7,CTD-2350C19.2,77,-0.2570341305732113,-0.12533601488266183,False
ACC,8,RP11-60L3.6,77,-0.2912509068777089,-0.05490041469356831,False
ACC,9,RP11-615I2.2,77,0.13448008827400476,0.0409865676572037,False
ACC,10,LINC00865,77,0.6315952369417986,0.11822400361054633,True
BLCA,1,LINC01082,407,0.07749552846796724,0.26828020997717816,False
BLCA,2,RP11-363E7.4,407,-0.4404393238469698,-0.322473318750497,False
BLCA,3,RP11-61L19.2,407,-0.2592799664918485,-0.03513892651000229,False
BLCA,4,RP11-379F12.3,407,-0.47133297508665595,-0.2986117751678778,False
BLCA,5,GATA3-AS1,407,-0.5073600908490628,-0.36570844046928797,True
BLCA,6,BBOX1-AS1,407,0.026077353042387712,0.05716849317609124,False
BLCA,7,LINC00261,407,-0.09205277349710045,-0.03062465235921807,False
BLCA,8,AC016735.2,407,-0.08669846232054493,0.09700595784446464,False
BLCA,9,CTD-2003C8.2,407,-0.16280554789177074,-0.09015257848623985,False
BLCA,10,LINC01410,407,-0.21355366546938934,-0.09816942660595089,False
BRCA,1,RP11-123K19.1,1091,-0.2357525498183692,0.008958895325188782,False
BRCA,2,RP11-126H7.4,1091,-0.11179894454852451,0.06702101327478929,False
BRCA,3,RP11-20F24.2,1091,-0.07202071494112361,0.2744752157507172,False
BRCA,4,LINC00993,1091,-0.09409833943117869,0.24190005878150325,False
BRCA,5,AC005152.3,1091,0.1258404482583472,-0.044435433261001786,False
BRCA,6,FENDRR,1091,0.282202236912692,0.10809990233225034,False
BRCA,7,RP11-401O9.4,1091,0.3051745571156958,0.8330326076603599,True
BRCA,8,RP11-379F12.3,1091,-0.23890099561833822,0.025564951416408178,False
BRCA,9,CTD-3032H12.1,1091,-0.15993734003564156,0.15737914862977076,False
BRCA,10,RP11-417E7.2,1091,0.1137685757880704,0.7990782392520983,True
CESC,1,RP11-173C1.1,304,-0.052635929005448896,-0.08924843892094039,False
CESC,2,C5orf66-AS1,304,0.07497157385239242,-0.07856574151522831,False
CESC,3,LINC00662,304,0.06113129002213325,0.3254444466953512,False
CESC,4,CDKN2B-AS1,304,0.06252293204046706,-0.12377533843906408,False
CESC,5,LINC01235,304,0.08553543743302419,0.2854812275157452,False
CESC,6,CTB-193M12.5,304,-0.13398128356556646,-0.04449277719303803,False
CESC,7,RP11-323C15.2,304,0.18341100418745382,0.09459773988572827,False
CESC,8,RP5-967N21.11,304,-0.1630280491087543,-0.17785994464660473,False
CESC,9,HOTTIP,304,0.041313403274925824,0.279733524154323,False
CESC,10,LINC01082,304,-0.03638564068650414,0.08882664336098275,False
CHOL,1,RP11-479G22.8,36,-0.16590514224456832,0.2700302470357675,False
CHOL,2,RP11-397G17.1,36,0.011585994204815367,0.045056644129837536,False
CHOL,3,RP11-116D2.1,36,-0.17940631714571004,-0.2268015251210304,False
CHOL,4,AP001187.9,36,-0.3682482830640111,-0.14768558764839884,False
CHOL,5,DPP10-AS1,36,-0.27756679905631687,-0.18513036040954714,False
CHOL,6,AC016735.1,36,-0.06193266578803822,0.20884570459084825,False
CHOL,7,RP11-510N19.5,36,-0.24272844272844277,0.0028314028314028314,False
CHOL,8,CTB-31O20.6,36,0.1407979407979408,0.12792792792792793,False
CHOL,9,RP1-60O19.1,36,0.06460746460746461,-0.021364221364221368,False
CHOL,10,AC147651.5,36,0.00283322660153165,0.22665812812253203,False
COAD,1,RP11-234B24.2,286,-0.04597288712044329,-0.1394206292316362,False
COAD,2,RP11-357H14.17,286,-0.2526481234545625,-0.20777128277182946,False
COAD,3,RP11-304L19.3,286,-0.2032629320277924,-0.11207021698022566,False
COAD,4,RP11-304L19.1,286,-0.16535266053868633,-0.09117669614261775,False
COAD,5,AP001187.9,286,-0.1976464185220468,-0.27859456075990796,False
COAD,6,RP5-881L22.5,286,-0.2781099949245244,-0.08681011436858058,False
COAD,7,C8orf34-AS1,286,0.0635525155817201,0.08110099114428691,False
COAD,8,CTB-31O20.6,286,-0.04407898406925513,-0.09824623049541921,False
COAD,9,LINC01207,286,-0.03887209920574283,-0.13839378346001613,False
COAD,10,RP1-276N6.2,286,-0.1662439835609978,-0.06784016968633315,False
DLBC,1,MIR155HG,47,0.15298334875115635,0.04555966697502313,False
DLBC,2,AC079767.4,47,-0.11736817761332101,-0.03145235892691952,False
DLBC,3,RP3-477O4.14,47,-0.32320545820218594,-0.24289555096733154,False
DLBC,4,LINC01106,47,0.330734319436796,-0.08255304973838988,False
DLBC,5,RP3-406A7.7,47,0.216822743715747,0.02146884144492921,False
DLBC,6,ARHGAP5-AS1,47,0.2783955019209046,0.1446105144101517,False
DLBC,7,RP11-1275H24.3,47,0.16160053986381265,0.2813389549259282,False
DLBC,8,RP11-500C11.3,47,0.034403006706828214,0.029488291462995614,False
DLBC,9,LINC01123,47,0.34319720893405525,0.19004632462271218,False
DLBC,10,RP11-455F5.5,47,0.10372340425531915,-0.3576549491211841,False
ESCA,1,MALAT1,181,0.18436848602594458,0.06433732013842511,False
ESCA,2,RAET1E-AS1,181,-0.196183549083118,0.0376039212856891,False
ESCA,3,RP1-59D14.1,181,-0.04162323956193862,0.14855511685828382,False
ESCA,4,CTB-31O20.6,181,0.10699012312772824,0.07988595860203708,False
ESCA,5,RP11-3P17.5,181,0.12235759329896906,0.08231663439818104,False
ESCA,6,RPPH1,181,-0.008797494977284492,0.07303412275917967,False
ESCA,7,CTC-425F1.4,181,0.016084267704813575,0.013759820847665362,False
ESCA,8,LINC00640,181,-0.08915699818480632,0.1863005359292675,False
ESCA,9,RP11-138I1.4,181,0.09903042966580324,-0.03390631037503768,False
ESCA,10,RP11-148B6.1,181,0.20644583531779626,0.11207354529584555,False
GBM,1,RP11-403A3.2,152,-0.12033871373004607,0.031035089608163407,False
GBM,2,RP11-403A3.3,152,-0.007469986356855183,-0.0003451366066067582,False
GBM,3,AC015936.3,152,0.1764965187307689,-0.0861389944898955,False
GBM,4,RP11-452I5.2,152,-0.03593374694117621,-0.13713857850478894,False
GBM,5,LINC00320,152,0.2013937240821536,-0.17271960724442106,False
GBM,6,RP11-698N11.2,152,-0.2611800104062317,-0.25084468911678565,False
GBM,7,LINC00461,152,-0.32371394008980375,-0.17378125875655245,False
GBM,8,RP11-71N10.1,152,-0.06779383007482866,0.13602677034496027,False
GBM,9,RP11-552D4.1,152,0.568534449618531,-0.035738755286028843,True
GBM,10,RP11-138I1.4,152,0.08107299987197344,0.023927213702995068,False
HNSC,1,RP11-116G8.5,518,0.08096407122143692,0.021711382168870866,False
HNSC,2,CTB-113P19.4,518,-0.24795772973965224,-0.12798468761250956,False
HNSC,3,HOXB-AS3,518,-0.08322133825457684,0.12438272507460169,False
HNSC,4,RP11-557H15.3,518,-0.21891406408938796,-0.03112810097904783,False
HNSC,5,RP11-112J3.16,518,0.14704579601759438,-0.08023639589524266,False
HNSC,6,LINC01160,518,-0.11691414544605107,0.14697421343509118,False
HNSC,7,RP5-1074L1.4,518,0.06892159025484995,-0.16058495722915206,False
HNSC,8,WT1-AS,518,0.09695166081728385,0.23765926686471384,False
HNSC,9,OSER1-AS1,518,0.18306002755602274,0.13622884688015233,False
HNSC,10,LINC00640,518,-0.30754947962431384,-0.03779383661810887,False
KICH,1,LA16c-329F2.1,66,-0.4433148940611628,-0.28032564450474906,False
KICH,2,RP11-728F11.4,66,0.09374804300177436,0.09925895000521869,False
KICH,3,LINC01187,66,-0.15579074819693708,-0.08713259854937899,False
KICH,4,RP11-428J1.5,66,0.5714675760052271,0.5000785251804598,True
KICH,5,LINC00982,66,-0.2785721740945622,-0.29285043314894066,False
KICH,6,RP1-239B22.5,66,-0.1323675228912815,-0.15651974241268393,False
KICH,7,CA3-AS1,66,-0.0997004394739724,0.03665702925383072,False
KICH,8,RP11-273G15.2,66,0.4277470992371822,0.42241398542197706,False
KICH,9,PRRT3-AS1,66,0.26382712058663405,0.06632983291415734,False
KICH,10,ACTA2-AS1,66,0.3949800324443092,0.3952729201802319,False
KIRC,1,LINC01320,530,0.05673444367691874,2.6236522044724335e-05,False
KIRC,2,LINC00887,530,0.009105932907651772,0.013020779177655614,False
KIRC,3,RP5-1021I20.2,530,-0.05994232232270944,-0.0031537051622614583,False
KIRC,4,RP11-252A24.5,530,0.04859714452925821,-0.09567698597757897,False
KIRC,5,RP11-807H17.1,530,0.3081007574099742,-0.03301345827629987,False
KIRC,6,NR2F2-AS1,530,0.024978918543893242,0.19954645373263272,False
KIRC,7,RP11-798K3.2,530,0.0008255871316001013,-0.19896359696929905,False
KIRC,8,RP1-60O19.1,530,0.07686687750995089,-0.1620985298601835,False
KIRC,9,LINC01510,530,-0.054557609496200504,-0.357570369915346,False
KIRC,10,RP11-13J10.1,530,0.06369645486354118,-0.0293230238083194,False
KIRP,1,RP11-149I23.3,288,-0.19328311225820802,-0.3292032793107039,False
KIRP,2,LINC01320,288,0.01685018045781003,-0.011109791038673255,False
KIRP,3,CTD-2194A8.2,288,0.1691903840409744,-0.11697220268766267,False
KIRP,4,AP001626.1,288,-0.011688031805123457,0.12568759777132246,False
KIRP,5,RP11-309L24.4,288,-0.1491970552483127,-0.2301211063919262,False
KIRP,6,RP11-543D5.2,288,0.12318729825062028,-0.011770434209600614,False
KIRP,7,RP5-1021I20.2,288,0.006068971822851254,0.10929901265849719,False
KIRP,8,RP11-807H17.1,288,0.19026975952120817,-0.09022208327134934,False
KIRP,9,LINC01510,288,-0.015415647275138082,-0.27370045919050645,False
KIRP,10,AC079630.2,288,-0.003060119940944463,-0.06683685753310302,False
LAML,1,RP11-72I8.1,173,-0.16849157194554798,-0.029549617201688697,False
LAML,2,AC010761.8,173,-0.30075360492045794,-0.08062749806316462,False
LAML,3,CTC-529I10.1,173,-0.20325730860769406,0.03141539028504791,False
LAML,4,RP11-1000B6.3,173,-0.28018870767073895,-0.04016469622989458,False
LAML,5,BZRAP1-AS1,173,-0.13549776225465804,0.04498320821592711,False
LAML,6,RP11-750H9.5,173,0.37017302228998705,-0.1462667316396195,False
LAML,7,AC009948.5,173,-0.4042967912551111,-0.15539161663333814,False
LAML,8,RP5-1171I10.5,173,0.051429819676955674,-0.3072856400365091,False
LAML,9,RP11-367G6.3,173,-0.15273712931965822,-0.171205806330033,False
LAML,10,RP11-196G11.4,173,0.0539632874432164,-0.11813261947932047,False
LGG,1,AC004158.3,508,-0.3797295947767756,-0.1990258993413292,False
LGG,2,LINC00461,508,-0.28533290103939835,-0.09142124305774024,False
LGG,3,LINC00320,508,-0.2467800296747914,-0.34443744524020636,False
LGG,4,RP11-999E24.3,508,-0.008567592033675681,-0.31318778764362804,False
LGG,5,RP4-613B23.1,508,-0.058167204860800806,-0.15734161796006912,False
LGG,6,RP11-231C18.1,508,-0.34386527971803627,-0.324988382923925,False
LGG,7,UG0898H09,508,0.04512597690675018,-0.12930840599998597,False
LGG,8,SOX2-OT,508,0.012266141030483643,-0.17259387277405694,False
LGG,9,LLNLF-187D8.1,508,-0.03747859199155083,-0.05384767475394748,False
LGG,10,RP11-263K19.4,508,0.27217705404134634,-0.13539235003510075,False
LIHC,1,RP11-116D2.1,369,-0.0676456010261215,-0.09004191449474451,False
LIHC,2,HULC,369,-0.2349555562269604,-0.3622121227790529,False
LIHC,3,PAQR9-AS1,369,0.006122527333526471,-0.07105554274785124,False
LIHC,4,RP11-706C16.7,369,-0.2392371050406477,-0.34087586610568366,False
LIHC,5,RP4-763G1.2,369,-0.08462682510139846,-0.3095559364181836,False
LIHC,6,RP4-710M16.2,369,-0.14808187015751798,-0.2717023848321288,False
LIHC,7,CTD-3128G10.7,369,0.1903828555535655,0.11876968706222293,False
LIHC,8,RP11-223I10.1,369,-0.23835316220234165,-0.215417746123241,False
LIHC,9,TINCR,369,0.2506072414600062,0.2357547072183801,False
LIHC,10,CASC2,369,0.06517740211078558,0.16363689460666173,False
LUAD,1,SFTA1P,513,0.08016765939554792,-0.08874662171193844,False
LUAD,2,NKX2-1-AS1,513,-0.05560578342417017,0.021304541809741114,False
LUAD,3,RP11-76C10.5,513,-0.1389744308939207,0.02157064370695162,False
LUAD,4,AC017060.1,513,0.22448988552519944,0.06122019873026214,False
LUAD,5,RP11-259K15.2,513,0.017879770726663677,-0.14154139948390915,False
LUAD,6,RP11-59D5__B.2,513,-0.26545616771656877,-0.11949811922665056,False
LUAD,7,EMX2OS,513,0.07011124402028884,0.30455300035153715,False
LUAD,8,HAND2-AS1,513,0.10387951148352957,0.13210483106810164,False
LUAD,9,RP11-116G8.5,513,-0.056083953924059876,-0.051142427305333645,False
LUAD,10,AC073283.4,513,-0.048843863677433125,-0.061832495086616646,False
LUSC,1,RP11-116G8.5,498,-0.11097282802099759,0.03440539758141678,False
LUSC,2,RP11-367G18.1,498,-0.2698651681977943,-0.042993312128350294,False
LUSC,3,RP11-486L19.2,498,-0.30183658096947263,-0.010198648234546068,False
LUSC,4,NKX2-1-AS1,498,0.22965210433374011,0.09851525192211137,False
LUSC,5,KC6,498,-0.19421061970028689,-0.09962965835648922,False
LUSC,6,HOXB-AS3,498,0.23142915420946258,0.5394593863024304,True
LUSC,7,SFTA1P,498,0.2586639628412316,0.13440209777189568,False
LUSC,8,CTB-113P19.4,498,-0.29207658494282457,-0.08894985831789755,False
LUSC,9,C8orf34-AS1,498,0.2482971679210461,0.14585121263194997,False
LUSC,10,HAND2-AS1,498,0.030745471539441842,0.1233713642605987,False
MESO,1,RP5-1172A22.1,87,-0.0351671785282655,0.2925829058897362,False
MESO,2,RP11-680F20.12,87,-0.12402493256542975,-0.2701392432747685,False
MESO,3,CH17-360D5.2,87,-0.18137248201545172,-0.39052995612581937,False
MESO,4,RP11-30K9.5,87,-0.0016676766898667428,-0.28680393870757454,False
MESO,5,RP11-19E11.1,87,-0.09382077009520634,-0.38777732766596645,False
MESO,6,LINC00958,87,0.00010269588749923147,0.022056794504001602,False
MESO,7,CTD-3035K23.7,87,-0.21293406303511647,0.12350831791127852,False
MESO,8,RP11-490M8.1,87,-0.10587275767751184,-0.4729827631034513,False
MESO,9,WT1-AS,87,-0.022782157015572103,-0.13476101517851213,False
MESO,10,LINC00511,87,0.055341624951450404,0.4714610631568884,False
OV,1,RP11-138I1.4,420,-0.13133614634229598,-0.046890963072418905,False
OV,2,RP4-797C5.2,420,0.2684988267737955,0.043429971309022736,False
OV,3,CTB-31O20.6,420,0.04008625260043549,-0.0073164966577143635,False
OV,4,WT1-AS,420,0.032195895183759475,-0.08940201578263281,False
OV,5,RP11-161H23.5,420,-0.1488150332958651,-0.09249051309448639,False
OV,6,RPPH1,420,-0.13470825499900047,-0.08973380397003682,False
OV,7,RP11-283G6.5,420,0.31728115482467567,0.07817576386761065,False
OV,8,ZNF503-AS2,420,0.10430907426591565,0.039918143292015075,False
OV,9,EMX2OS,420,-0.18718844955269862,0.10152965033790395,False
OV,10,RP11-323N12.5,420,0.4037393194020024,0.5101345243255303,True
PAAD,1,MIR7-3HG,178,0.1545583878366726,0.0001372575521887014,False
PAAD,2,HAND2-AS1,178,0.48208794134185934,0.5299435107308884,True
PAAD,3,AC013275.2,178,0.12760726144848433,-0.0374551957987168,False
PAAD,4,RP11-350J20.12,178,-0.13069382993552808,0.05983196069859212,False
PAAD,5,CTD-2314G24.2,178,0.18433589144327225,0.14287135442369298,False
PAAD,6,TUNAR,178,0.2564237070559262,0.04914356802640277,False
PAAD,7,GATA6-AS1,178,-0.2221648889548724,-0.17962312890665086,False
PAAD,8,RP11-362F19.1,178,-0.05390059000540546,0.13690592400409723,False
PAAD,9,RP11-1398P2.1,178,0.06972398197792237,0.2613423156639785,False
PAAD,10,RP1-60O19.1,178,0.11259397016418213,-0.13375095486308533,False
PCPG,1,HAND2-AS1,177,-0.16341917741816583,-0.2341276088795166,False
PCPG,2,RP11-12M5.3,177,0.09534557848897836,-0.073196093813444,False
PCPG,3,RP11-269G24.4,177,0.20606736722130295,0.06353893505950435,False
PCPG,4,AC096772.6,177,-0.1450369330817808,-0.118178281846275,False
PCPG,5,RP5-1119A7.17,177,-0.11662681108699864,-0.046518497679978836,False
PCPG,6,MIR7-3HG,177,0.22265792590263445,0.07978462965098165,False
PCPG,7,GS1-72M22.1,177,0.03976530355562793,0.012259616034973182,False
PCPG,8,RP11-618K13.2,177,-0.08405870962821604,-0.209006839069017,False
PCPG,9,RP11-1000B6.7,177,-0.022103124108133303,-0.2271491763487431,False
PCPG,10,IGF2-AS,177,0.007775592042209397,0.04515599876224361,False
PRAD,1,CTD-2311B13.5,495,0.022354128793643173,-0.051104663806275284,False
PRAD,2,RP11-244H18.1,495,0.001314653268796655,-0.09290663307757063,False
PRAD,3,POTEH-AS1,495,0.027761872626742814,-0.04311019980488354,False
PRAD,4,RP11-356O9.1,495,-0.18370328134389488,-0.2297820243745216,False
PRAD,5,RP11-452C8.1,495,-0.009914406900085626,0.05265651554779627,False
PRAD,6,PCA3,495,-0.08354429809908663,-0.1462848389298961,False
PRAD,7,FLJ20021,495,-0.3130023519034835,-0.23906747033159956,False
PRAD,8,RP1-207H1.3,495,-0.04918309225160109,0.010514074155579678,False
PRAD,9,RP11-23F23.2,495,-0.19813879178158877,-0.15565387162827748,False
PRAD,10,PCAT14,495,-0.1271556518627728,-0.09380618652661758,False
READ,1,RP5-881L22.5,91,-0.14734889054460854,0.013744281511024338,False
READ,2,RP11-234B24.2,91,0.09870320159011485,-0.0758887867005885,False
READ,3,AP003774.1,91,-0.0967275709816991,0.028698951660331234,False
READ,4,AP001187.9,91,-0.015688148308855367,-0.13185211753792808,False
READ,5,LINC00982,91,0.1402046922281623,0.24905892054464035,False
READ,6,RP11-150O12.3,91,-0.11673972854466186,0.041233172878871696,False
READ,7,RP11-395B7.2,91,-0.06477274990831855,-0.21964125743437943,False
READ,8,CTD-2377D24.4,91,0.1698846098702946,0.028209062244722322,False
READ,9,RP11-649E7.5,91,0.01344184491084489,-0.0545159184002631,False
READ,10,SLCO4A1-AS1,91,-0.2678085819021503,-0.10109214555760453,False
SARC,1,DNM3OS,258,-0.3220840376342972,0.22296252455590493,False
SARC,2,CTD-2396E7.11,258,-0.034248291608454405,-0.22722317852810472,False
SARC,3,FAM83H-AS1,258,-0.13814255930198477,-0.05247665290976204,False
SARC,4,RP11-175K6.1,258,0.13597043955332835,0.011878961764792612,False
SARC,5,RP4-568C11.4,258,0.14580471734294606,0.0839074767343741,False
SARC,6,RP11-465B22.8,258,-0.15396965784847813,-0.1875766873067393,False
SARC,7,LINC00702,258,-0.0370736898638625,-0.05148677158839809,False
SARC,8,RP11-14N7.2,258,0.3169479092805481,0.49620319414187386,False
SARC,9,RP11-392P7.6,258,0.17807044652549336,0.07127178530317023,False
SARC,10,RP11-732A19.5,258,-0.2456506035988294,0.1521203476687346,False
SKCM,1,LINC00518,466,-0.16271316862862584,-0.20959803795837179,False
SKCM,2,RP11-1055B8.3,466,-0.19596802434483446,-0.24295366575140034,False
SKCM,3,RP11-566K11.4,466,-0.16968231092382438,-0.03503829683563068,False
SKCM,4,RP11-347E10.1,466,0.1338757956224625,-0.028726180273446412,False
SKCM,5,FOXD3-AS1,466,-0.16604756466705778,-0.09901414359444052,False
SKCM,6,IDI2-AS1,466,-0.1935718686673598,-0.20460214921342681,False
SKCM,7,RP11-429E11.2,466,-0.17302631773671218,-0.2042189107902558,False
SKCM,8,RP11-862L9.3,466,-0.11883970475975987,-0.2705394611313189,False
SKCM,9,RP11-340F14.6,466,-0.09608856863412721,-0.21403504715818109,False
SKCM,10,LAMA5-AS1,466,0.07421084178007392,0.004041146434079785,False
STAD,1,RAET1E-AS1,414,-0.050683088491961036,0.1339336607593647,False
STAD,2,RP4-781K5.2,414,-0.07701094379500728,-0.11700174870895302,False
STAD,3,MALAT1,414,-0.2266265187077397,-0.040954554083266426,False
STAD,4,RP11-386G11.10,414,-0.17129143814377173,-0.08974737350681507,False
STAD,5,CTB-31O20.6,414,0.03585404629983629,0.08789334885833862,False
STAD,6,AP001187.9,414,-0.20772706379968792,-0.2642451286866957,False
STAD,7,RP11-624G17.3,414,-0.030429712719369232,-0.02057673206031057,False
STAD,8,HAND2-AS1,414,0.33455867520828597,0.6067546642263354,True
STAD,9,RP11-379F4.6,414,-0.15634778755367953,-0.0930951538510333,False
STAD,10,FENDRR,414,0.2645617572580308,0.39772715309839424,False
TGCT,1,RP11-148B6.1,132,-0.39202621404308824,0.13711760316822588,False
TGCT,2,AC008753.4,132,-0.09850222150010643,-0.2963702155999203,False
TGCT,3,LINC00937,132,0.06490645190330212,-0.5734538116468118,True
TGCT,4,PCAT14,132,-0.10763724022060703,-0.06952147892284491,False
TGCT,5,MEG9,132,-0.2452453131440676,-0.10027497612873265,False
TGCT,6,CTD-2349P21.9,132,0.2914233312619388,-0.5891367500924525,True
TGCT,7,ERVH48-1,132,-0.22651152476564476,0.003263719492321408,False
TGCT,8,RP11-234B24.2,132,0.15381243893680202,-0.5287623808266063,True
TGCT,9,RP11-638I8.1,132,0.2964640383842874,-0.6395854992620154,True
TGCT,10,RP3-467D16.3,132,0.0020166681667773034,-0.18120011322576662,False
THCA,1,NKX2-1-AS1,504,-0.18670424047947304,-0.05057495473359316,False
THCA,2,DOCK9-AS2,504,0.12201360673029038,0.17073102489626707,False
THCA,3,PTCSC3,504,-0.06668581785118968,0.016367162465832568,False
THCA,4,AL157871.2,504,-0.4068011957306478,-0.32854058780219036,False
THCA,5,PTCSC2,504,-0.3212314237230781,-0.204659561942176,False
THCA,6,RP11-513G11.4,504,-0.257387635967923,-0.2916134605440605,False
THCA,7,LINC01571,504,-0.3139791020803825,-0.32057853294149247,False
THCA,8,SLC26A4-AS1,504,-0.22667048877738394,-0.2916003165450308,False
THCA,9,RP11-768F21.1,504,-0.10895985771360278,-0.11884708531701811,False
THCA,10,LINC01315,504,-0.3302708101584081,-0.3469028476415835,False
THYM,1,RP13-977J11.2,119,0.38042504856536385,-0.2681078271001804,False
THYM,2,RP11-144L1.4,119,0.563673474716418,-0.44167925657450746,True
THYM,3,LINC01551,119,-0.1598269372544912,0.05948241338366467,False
THYM,4,RP11-1191J2.5,119,0.11478351906654048,-0.3081867160443621,False
THYM,5,LINC01451,119,-0.4250365870836485,-0.15072800237296083,False
THYM,6,RP11-12M5.3,119,0.15768521354347687,-0.32067597690584504,False
THYM,7,TRBV11-2,119,0.7776007292433798,-0.29277932769475207,True
THYM,8,LINC00176,119,-0.2205822919609798,-0.28566240028039,False
THYM,9,AC131097.4,119,-0.14699473009542802,-0.15849594074918105,False
THYM,10,LINC01573,119,-0.1032454942616668,-0.10484785578667973,False
UCEC,1,RP11-60L3.6,180,-0.014884967278828003,0.06560663028467258,False
UCEC,2,CTD-2531D15.5,180,0.05031691679024246,-0.18884848952338312,False
UCEC,3,DLX6-AS1,180,-0.176630391448858,0.3180682481677861,False
UCEC,4,EMX2OS,180,-0.26686152894904397,0.09974397318443493,False
UCEC,5,RP11-9E17.1,180,-0.15836973721437117,0.11513159925444678,False
UCEC,6,LL21NC02-21A1.1,180,-0.04921596648636185,0.015156986752175824,False
UCEC,7,RP11-638I2.6,180,-0.010627900038067017,-0.23870901365268474,False
UCEC,8,AC005082.12,180,0.05837606930502857,0.0787638129971706,False
UCEC,9,RP1-193H18.2,180,-0.043893555838496745,0.20426661454129208,False
UCEC,10,TRPM2-AS,180,0.050991443125369566,-0.07632152120427273,False
UCS,1,DNM3OS,57,0.04420534093855328,0.5116022815659839,True
UCS,2,RP11-706J10.2,57,-0.12515227616172694,0.41239232907440426,False
UCS,3,LINC00702,57,0.1219437959797998,0.3597634023491327,False
UCS,4,RP11-732A19.5,57,0.09994814622763806,0.4531371532278974,False
UCS,5,AC132217.4,57,-0.08601244490536687,0.22809178117708065,False
UCS,6,DLX6-AS1,57,0.1838543975020778,0.09983630893977426,False
UCS,7,LLNLR-284B4.1,57,0.11463609243804171,0.07162322923123828,False
UCS,8,LLNLR-268E12.1,57,0.012801814947575799,0.18259601370795456,False
UCS,9,CTB-191K22.5,57,-0.12772439275064187,-0.16172157316054372,False
UCS,10,RP11-284F21.7,57,0.21261428523540793,0.2717567627466924,False
UVM,1,SLCO4A1-AS1,79,-0.3237848331658861,-0.31752870940649713,False
UVM,2,CTD-2380F24.1,79,-0.18739045764362222,-0.20099805258033107,False
UVM,3,TEX41,79,-0.021762414800389488,-0.030428432327166504,False
UVM,4,IDI2-AS1,79,0.08034372166483776,0.04860058788179022,False
UVM,5,HOXA-AS2,79,0.18338552736149216,0.09197056792594432,False
UVM,6,LINC00518,79,-0.23259493670886078,-0.23098831548198634,False
UVM,7,LINC00511,79,0.31116493630513603,0.25824316266716496,False
UVM,8,PIK3CD-AS2,79,0.026533592989289194,-0.1483933787731256,False
UVM,9,RP11-1055B8.3,79,0.1625365141187926,0.10632911392405064,False
UVM,10,TFAP2A-AS1,79,-0.3294790652385589,-0.21548198636806234,False
