universe,cancer_type,n_train,f1
lncRNA,ACC,62,0.9333333333333333
lncRNA,BLCA,325,0.9559748427672956
lncRNA,BRCA,873,0.9953917050691244
lncRNA,CESC,243,0.9836065573770492
lncRNA,CHOL,29,0.8571428571428571
lncRNA,COAD,229,0.8548387096774194
lncRNA,DLBC,38,1.0
lncRNA,ESCA,145,0.8732394366197183
lncRNA,GBM,122,0.9830508474576272
lncRNA,HNSC,414,0.9716981132075472
lncRNA,KICH,53,0.9629629629629629
lncRNA,KIRC,424,0.9615384615384616
lncRNA,KIRP,230,0.9586776859504132
lncRNA,LAML,138,1.0
lncRNA,LGG,406,0.9951219512195122
lncRNA,LIHC,295,0.9931972789115646
lncRNA,LUAD,410,0.9611650485436893
lncRNA,LUSC,398,0.9547738693467337
lncRNA,MESO,70,0.9696969696969697
lncRNA,OV,336,0.9940119760479041
lncRNA,PAAD,142,0.9722222222222222
lncRNA,PCPG,142,0.9855072463768116
lncRNA,PRAD,396,1.0
lncRNA,READ,73,0.4827586206896552
lncRNA,SARC,206,0.9714285714285714
lncRNA,SKCM,82,0.9473684210526315
lncRNA,STAD,331,0.9461077844311377
lncRNA,TGCT,106,1.0
lncRNA,THCA,403,1.0
lncRNA,THYM,95,1.0
lncRNA,UCEC,144,0.9315068493150684
lncRNA,UCS,46,0.8695652173913043
lncRNA,UVM,63,0.9411764705882353
protein_coding,ACC,62,0.9333333333333333
protein_coding,BLCA,325,0.9815950920245399
protein_coding,BRCA,873,0.9907834101382489
protein_coding,CESC,243,0.991869918699187
protein_coding,CHOL,29,0.7692307692307693
protein_coding,COAD,229,0.8548387096774194
protein_coding,DLBC,38,0.9
protein_coding,ESCA,145,0.7878787878787878
protein_coding,GBM,122,0.9830508474576272
protein_coding,HNSC,414,0.985781990521327
protein_coding,KICH,53,0.9629629629629629
protein_coding,KIRC,424,0.9569377990430622
protein_coding,KIRP,230,0.9586776859504132
protein_coding,LAML,138,0.9859154929577465
protein_coding,LGG,406,0.9951219512195122
protein_coding,LIHC,295,0.9864864864864865
protein_coding,LUAD,410,0.9665071770334929
protein_coding,LUSC,398,0.9641025641025641
protein_coding,MESO,70,0.9696969696969697
protein_coding,OV,336,0.9820359281437125
protein_coding,PAAD,142,0.9714285714285714
protein_coding,PCPG,142,0.9714285714285714
protein_coding,PRAD,396,1.0
protein_coding,READ,73,0.42857142857142855
protein_coding,SARC,206,0.9622641509433962
protein_coding,SKCM,82,0.9743589743589743
protein_coding,STAD,331,0.9230769230769231
protein_coding,TGCT,106,1.0
protein_coding,THCA,403,1.0
protein_coding,THYM,95,1.0
protein_coding,UCEC,144,0.927536231884058
protein_coding,UCS,46,0.8333333333333334
protein_coding,UVM,63,0.9696969696969697
