cancer_type,rank,gene_id,gene_name,gene_type,mean_shap
ACC,1,ENSG00000166917.8,MIR202HG,antisense,1.5802567
ACC,2,ENSG00000230257.1,NFE4,antisense,0.7416626
ACC,3,ENSG00000240801.1,AC132217.4,3prime_overlapping_ncrna,0.355633
ACC,4,ENSG00000268203.1,CTD-2396E7.9,antisense,0.26560608
ACC,5,ENSG00000234614.1,AL450992.2,antisense,0.24206544
ACC,6,ENSG00000244239.1,AC007009.1,antisense,0.18050809
ACC,7,ENSG00000265254.1,CTD-2350C19.2,antisense,0.17695525
ACC,8,ENSG00000277749.1,RP11-60L3.6,antisense,0.13768484
ACC,9,ENSG00000260577.2,RP11-615I2.2,antisense,0.12880865
ACC,10,ENSG00000232229.5,LINC00865,lincRNA,0.123118095
BLCA,1,ENSG00000269186.1,LINC01082,lincRNA,1.1201771
BLCA,2,ENSG00000260912.1,RP11-363E7.4,sense_overlapping,0.4174166
BLCA,3,ENSG00000273335.1,RP11-61L19.2,lincRNA,0.31807333
BLCA,4,ENSG00000243350.1,RP11-379F12.3,lincRNA,0.31744817
BLCA,5,ENSG00000197308.8,GATA3-AS1,lincRNA,0.24317119
BLCA,6,ENSG00000254560.5,BBOX1-AS1,antisense,0.16705716
BLCA,7,ENSG00000259974.2,LINC00261,lincRNA,0.14160956
BLCA,8,ENSG00000231826.5,AC016735.2,lincRNA,0.13873851
BLCA,9,ENSG00000250041.2,CTD-2003C8.2,lincRNA,0.11795674
BLCA,10,ENSG00000238113.6,LINC01410,lincRNA,0.0773086
BRCA,1,ENSG00000224842.2,RP11-123K19.1,antisense,0.6856003
BRCA,2,ENSG00000204049.1,RP11-126H7.4,antisense,0.4223689
BRCA,3,ENSG00000234918.1,RP11-20F24.2,lincRNA,0.42076892
BRCA,4,ENSG00000235687.8,LINC00993,lincRNA,0.41874662
BRCA,5,ENSG00000228639.6,AC005152.3,lincRNA,0.37687498
BRCA,6,ENSG00000268388.5,FENDRR,lincRNA,0.37682927
BRCA,7,ENSG00000273388.1,RP11-401O9.4,antisense,0.34559315
BRCA,8,ENSG00000243350.1,RP11-379F12.3,lincRNA,0.30427775
BRCA,9,ENSG00000259725.1,CTD-3032H12.1,lincRNA,0.30133715
BRCA,10,ENSG00000261039.2,RP11-417E7.2,lincRNA,0.27620623
CESC,1,ENSG00000269210.2,RP11-173C1.1,antisense,0.5861422
CESC,2,ENSG00000249082.2,C5orf66-AS1,lincRNA,0.36779967
CESC,3,ENSG00000261824.6,LINC00662,lincRNA,0.34761384
CESC,4,ENSG00000240498.6,CDKN2B-AS1,antisense,0.34733734
CESC,5,ENSG00000270547.5,LINC01235,lincRNA,0.33984396
CESC,6,ENSG00000280206.1,CTB-193M12.5,lincRNA,0.20032507
CESC,7,ENSG00000236028.1,RP11-323C15.2,lincRNA,0.19975145
CESC,8,ENSG00000275632.1,RP5-967N21.11,lincRNA,0.13094845
CESC,9,ENSG00000243766.7,HOTTIP,antisense,0.10959528
CESC,10,ENSG00000269186.1,LINC01082,lincRNA,0.10609615
CHOL,1,ENSG00000273038.2,RP11-479G22.8,lincRNA,1.3948648
CHOL,2,ENSG00000226733.1,RP11-397G17.1,lincRNA,0.6815413
CHOL,3,ENSG00000261012.2,RP11-116D2.1,lincRNA,0.598302
CHOL,4,ENSG00000229719.3,AP001187.9,lincRNA,0.25486076
CHOL,5,ENSG00000235026.5,DPP10-AS1,antisense,0.24467544
CHOL,6,ENSG00000224739.2,AC016735.1,lincRNA,0.19488682
CHOL,7,ENSG00000249007.1,RP11-510N19.5,sense_intronic,0.19130588
CHOL,8,ENSG00000267125.2,CTB-31O20.6,antisense,0.1725367
CHOL,9,ENSG00000235142.7,RP1-60O19.1,lincRNA,0.1679839
CHOL,10,ENSG00000229380.1,AC147651.5,antisense,0.15417568
COAD,1,ENSG00000255474.1,RP11-234B24.2,lincRNA,0.819275
COAD,2,ENSG00000272763.1,RP11-357H14.17,lincRNA,0.6245525
COAD,3,ENSG00000261123.1,RP11-304L19.3,sense_intronic,0.4585106
COAD,4,ENSG00000259933.6,RP11-304L19.1,sense_overlapping,0.37844548
COAD,5,ENSG00000229719.3,AP001187.9,lincRNA,0.3198515
COAD,6,ENSG00000226812.2,RP5-881L22.5,antisense,0.24665503
COAD,7,ENSG00000248801.6,C8orf34-AS1,antisense,0.08533537
COAD,8,ENSG00000267125.2,CTB-31O20.6,antisense,0.08200784
COAD,9,ENSG00000248771.5,LINC01207,lincRNA,0.061134942
COAD,10,ENSG00000230234.1,RP1-276N6.2,lincRNA,0.05845086
DLBC,1,ENSG00000234883.3,MIR155HG,lincRNA,1.5177857
DLBC,2,ENSG00000224137.1,AC079767.4,lincRNA,1.2262573
DLBC,3,ENSG00000230155.6,RP3-477O4.14,antisense,0.82609415
DLBC,4,ENSG00000175772.10,LINC01106,lincRNA,0.62880945
DLBC,5,ENSG00000260418.1,RP3-406A7.7,lincRNA,0.3505444
DLBC,6,ENSG00000258655.2,ARHGAP5-AS1,antisense,0.2606855
DLBC,7,ENSG00000273084.1,RP11-1275H24.3,lincRNA,0.25754175
DLBC,8,ENSG00000272269.1,RP11-500C11.3,antisense,0.23733558
DLBC,9,ENSG00000204588.5,LINC01123,lincRNA,0.17608052
DLBC,10,ENSG00000261416.1,RP11-455F5.5,antisense,0.1697939
ESCA,1,ENSG00000251562.7,MALAT1,lincRNA,0.96271586
ESCA,2,ENSG00000268592.3,RAET1E-AS1,antisense,0.8867971
ESCA,3,ENSG00000262456.1,RP1-59D14.1,antisense,0.64042526
ESCA,4,ENSG00000267125.2,CTB-31O20.6,antisense,0.28887764
ESCA,5,ENSG00000269888.1,RP11-3P17.5,lincRNA,0.22166091
ESCA,6,ENSG00000259001.3,RPPH1,antisense,0.2112591
ESCA,7,ENSG00000267458.1,CTC-425F1.4,antisense,0.15640089
ESCA,8,ENSG00000258479.5,LINC00640,lincRNA,0.15617964
ESCA,9,ENSG00000265401.1,RP11-138I1.4,antisense,0.13745797
ESCA,10,ENSG00000249532.3,RP11-148B6.1,antisense,0.09114785
GBM,1,ENSG00000276269.1,RP11-403A3.2,lincRNA,1.0929832
GBM,2,ENSG00000275830.1,RP11-403A3.3,lincRNA,0.8720364
GBM,3,ENSG00000224911.1,AC015936.3,antisense,0.6678673
GBM,4,ENSG00000266036.1,RP11-452I5.2,antisense,0.49258566
GBM,5,ENSG00000224924.6,LINC00320,lincRNA,0.48157516
GBM,6,ENSG00000254919.1,RP11-698N11.2,antisense,0.34106258
GBM,7,ENSG00000245526.8,LINC00461,lincRNA,0.27231014
GBM,8,ENSG00000239922.1,RP11-71N10.1,lincRNA,0.24648927
GBM,9,ENSG00000228058.1,RP11-552D4.1,lincRNA,0.20288923
GBM,10,ENSG00000265401.1,RP11-138I1.4,antisense,0.1948256
HNSC,1,ENSG00000256462.1,RP11-116G8.5,antisense,1.0297127
HNSC,2,ENSG00000260581.1,CTB-113P19.4,antisense,0.29327872
HNSC,3,ENSG00000233101.10,HOXB-AS3,antisense,0.19808692
HNSC,4,ENSG00000231971.5,RP11-557H15.3,lincRNA,0.18682462
HNSC,5,ENSG00000227388.2,RP11-112J3.16,lincRNA,0.17978348
HNSC,6,ENSG00000231346.5,LINC01160,lincRNA,0.12075668
HNSC,7,ENSG00000273373.1,RP5-1074L1.4,antisense,0.112871215
HNSC,8,ENSG00000183242.11,WT1-AS,antisense,0.09036165
HNSC,9,ENSG00000223891.5,OSER1-AS1,lincRNA,0.081446394
HNSC,10,ENSG00000258479.5,LINC00640,lincRNA,0.067788646
KICH,1,ENSG00000261399.1,LA16c-329F2.1,antisense,1.9565372
KICH,2,ENSG00000254528.7,RP11-728F11.4,antisense,1.2421253
KICH,3,ENSG00000249601.2,LINC01187,lincRNA,0.8218685
KICH,4,ENSG00000272142.1,RP11-428J1.5,lincRNA,0.4190172
KICH,5,ENSG00000177133.10,LINC00982,antisense,0.35473952
KICH,6,ENSG00000260196.1,RP1-239B22.5,antisense,0.15042578
KICH,7,ENSG00000253549.5,CA3-AS1,antisense,0.13298494
KICH,8,ENSG00000247317.3,RP11-273G15.2,lincRNA,0.1315745
KICH,9,ENSG00000230082.1,PRRT3-AS1,antisense,0.13019465
KICH,10,ENSG00000180139.11,ACTA2-AS1,antisense,0.10375006
KIRC,1,ENSG00000228262.8,LINC01320,lincRNA,0.97649276
KIRC,2,ENSG00000214145.6,LINC00887,lincRNA,0.81941634
KIRC,3,ENSG00000258586.1,RP5-1021I20.2,lincRNA,0.6740394
KIRC,4,ENSG00000261170.1,RP11-252A24.5,antisense,0.6099555
KIRC,5,ENSG00000227869.1,RP11-807H17.1,lincRNA,0.31831497
KIRC,6,ENSG00000247809.7,NR2F2-AS1,antisense,0.2305781
KIRC,7,ENSG00000259347.5,RP11-798K3.2,lincRNA,0.20538457
KIRC,8,ENSG00000235142.7,RP1-60O19.1,lincRNA,0.20470725
KIRC,9,ENSG00000231210.2,LINC01510,lincRNA,0.17642695
KIRC,10,ENSG00000269707.1,RP11-13J10.1,sense_overlapping,0.13561857
KIRP,1,ENSG00000232110.7,RP11-149I23.3,antisense,0.57743376
KIRP,2,ENSG00000228262.8,LINC01320,lincRNA,0.51097685
KIRP,3,ENSG00000262995.1,CTD-2194A8.2,antisense,0.47704184
KIRP,4,ENSG00000225431.1,AP001626.1,lincRNA,0.46573713
KIRP,5,ENSG00000272899.2,RP11-309L24.4,lincRNA,0.43945992
KIRP,6,ENSG00000223814.1,RP11-543D5.2,lincRNA,0.33689657
KIRP,7,ENSG00000258586.1,RP5-1021I20.2,lincRNA,0.2755156
KIRP,8,ENSG00000227869.1,RP11-807H17.1,lincRNA,0.21974169
KIRP,9,ENSG00000231210.2,LINC01510,lincRNA,0.18796654
KIRP,10,ENSG00000223914.1,AC079630.2,lincRNA,0.17865051
LAML,1,ENSG00000260735.1,RP11-72I8.1,antisense,1.8980591
LAML,2,ENSG00000264577.1,AC010761.8,antisense,1.5206795
LAML,3,ENSG00000275413.1,CTC-529I10.1,antisense,0.65160847
LAML,4,ENSG00000261064.1,RP11-1000B6.3,lincRNA,0.5858296
LAML,5,ENSG00000265148.5,BZRAP1-AS1,antisense,0.5014705
LAML,6,ENSG00000255197.5,RP11-750H9.5,antisense,0.35605887
LAML,7,ENSG00000223960.6,AC009948.5,antisense,0.22818092
LAML,8,ENSG00000265206.3,RP5-1171I10.5,antisense,0.21396108
LAML,9,ENSG00000272053.1,RP11-367G6.3,lincRNA,0.19015533
LAML,10,ENSG00000262766.1,RP11-196G11.4,sense_intronic,0.17969133
LGG,1,ENSG00000260664.2,AC004158.3,lincRNA,1.061082
LGG,2,ENSG00000245526.8,LINC00461,lincRNA,0.6903155
LGG,3,ENSG00000224924.6,LINC00320,lincRNA,0.65770924
LGG,4,ENSG00000259969.1,RP11-999E24.3,sense_overlapping,0.59521216
LGG,5,ENSG00000230084.5,RP4-613B23.1,antisense,0.41935772
LGG,6,ENSG00000248184.1,RP11-231C18.1,lincRNA,0.4192102
LGG,7,ENSG00000274956.2,UG0898H09,lincRNA,0.40764225
LGG,8,ENSG00000242808.7,SOX2-OT,sense_overlapping,0.34368598
LGG,9,ENSG00000277531.1,LLNLF-187D8.1,lincRNA,0.21138066
LGG,10,ENSG00000231064.5,RP11-263K19.4,antisense,0.1862639
LIHC,1,ENSG00000261012.2,RP11-116D2.1,lincRNA,1.1980003
LIHC,2,ENSG00000251164.1,HULC,lincRNA,1.1834131
LIHC,3,ENSG00000241570.8,PAQR9-AS1,antisense,0.61215085
LIHC,4,ENSG00000253196.1,RP11-706C16.7,antisense,0.5997355
LIHC,5,ENSG00000235200.1,RP4-763G1.2,lincRNA,0.1889977
LIHC,6,ENSG00000223956.1,RP4-710M16.2,lincRNA,0.1846131
LIHC,7,ENSG00000276980.1,CTD-3128G10.7,sense_intronic,0.1658159
LIHC,8,ENSG00000261829.1,RP11-223I10.1,sense_overlapping,0.1649857
LIHC,9,ENSG00000223573.6,TINCR,lincRNA,0.15190363
LIHC,10,ENSG00000177640.15,CASC2,antisense,0.14741947
LUAD,1,ENSG00000225383.6,SFTA1P,lincRNA,0.792954
LUAD,2,ENSG00000253563.2,NKX2-1-AS1,antisense,0.7858509
LUAD,3,ENSG00000256151.1,RP11-76C10.5,lincRNA,0.27085048
LUAD,4,ENSG00000226598.1,AC017060.1,lincRNA,0.26839224
LUAD,5,ENSG00000258844.1,RP11-259K15.2,lincRNA,0.19264531
LUAD,6,ENSG00000236345.1,RP11-59D5__B.2,antisense,0.14927483
LUAD,7,ENSG00000229847.8,EMX2OS,antisense,0.111759335
LUAD,8,ENSG00000237125.8,HAND2-AS1,antisense,0.11113418
LUAD,9,ENSG00000256462.1,RP11-116G8.5,antisense,0.08995171
LUAD,10,ENSG00000234690.6,AC073283.4,lincRNA,0.07923635
LUSC,1,ENSG00000256462.1,RP11-116G8.5,antisense,0.30218688
LUSC,2,ENSG00000230943.1,RP11-367G18.1,lincRNA,0.29095095
LUSC,3,ENSG00000250685.7,RP11-486L19.2,antisense,0.20557049
LUSC,4,ENSG00000253563.2,NKX2-1-AS1,antisense,0.20498301
LUSC,5,ENSG00000267313.6,KC6,lincRNA,0.19423309
LUSC,6,ENSG00000233101.10,HOXB-AS3,antisense,0.19117521
LUSC,7,ENSG00000225383.6,SFTA1P,lincRNA,0.18260424
LUSC,8,ENSG00000260581.1,CTB-113P19.4,antisense,0.17058925
LUSC,9,ENSG00000248801.6,C8orf34-AS1,antisense,0.117574066
LUSC,10,ENSG00000237125.8,HAND2-AS1,antisense,0.11116329
MESO,1,ENSG00000233521.5,RP5-1172A22.1,lincRNA,0.96032715
MESO,2,ENSG00000264299.1,RP11-680F20.12,antisense,0.5810235
MESO,3,ENSG00000276850.4,CH17-360D5.2,lincRNA,0.40674502
MESO,4,ENSG00000259353.1,RP11-30K9.5,antisense,0.3894923
MESO,5,ENSG00000258910.2,RP11-19E11.1,lincRNA,0.3075144
MESO,6,ENSG00000251381.6,LINC00958,lincRNA,0.3019343
MESO,7,ENSG00000274565.1,CTD-3035K23.7,antisense,0.26334423
MESO,8,ENSG00000260025.1,RP11-490M8.1,lincRNA,0.25266778
MESO,9,ENSG00000183242.11,WT1-AS,antisense,0.22526762
MESO,10,ENSG00000227036.6,LINC00511,lincRNA,0.22420609
OV,1,ENSG00000265401.1,RP11-138I1.4,antisense,0.93510455
OV,2,ENSG00000231295.1,RP4-797C5.2,antisense,0.8892787
OV,3,ENSG00000267125.2,CTB-31O20.6,antisense,0.8434342
OV,4,ENSG00000183242.11,WT1-AS,antisense,0.65571195
OV,5,ENSG00000258232.2,RP11-161H23.5,antisense,0.52080256
OV,6,ENSG00000259001.3,RPPH1,antisense,0.4379426
OV,7,ENSG00000255750.5,RP11-283G6.5,antisense,0.34754264
OV,8,ENSG00000237149.5,ZNF503-AS2,antisense,0.3391153
OV,9,ENSG00000229847.8,EMX2OS,antisense,0.19211233
OV,10,ENSG00000267601.1,RP11-323N12.5,antisense,0.14646356
PAAD,1,ENSG00000176840.11,MIR7-3HG,lincRNA,0.76343054
PAAD,2,ENSG00000237125.8,HAND2-AS1,antisense,0.65145403
PAAD,3,ENSG00000231013.1,AC013275.2,antisense,0.50429386
PAAD,4,ENSG00000273132.1,RP11-350J20.12,antisense,0.36732742
PAAD,5,ENSG00000259663.2,CTD-2314G24.2,antisense,0.25065738
PAAD,6,ENSG00000250366.2,TUNAR,lincRNA,0.22138192
PAAD,7,ENSG00000266010.1,GATA6-AS1,lincRNA,0.20154454
PAAD,8,ENSG00000248810.1,RP11-362F19.1,lincRNA,0.16443269
PAAD,9,ENSG00000244459.2,RP11-1398P2.1,lincRNA,0.1598976
PAAD,10,ENSG00000235142.7,RP1-60O19.1,lincRNA,0.1515443
PCPG,1,ENSG00000237125.8,HAND2-AS1,antisense,2.7331395
PCPG,2,ENSG00000229407.5,RP11-12M5.3,antisense,0.8075769
PCPG,3,ENSG00000265282.1,RP11-269G24.4,lincRNA,0.6140972
PCPG,4,ENSG00000244567.1,AC096772.6,lincRNA,0.5831788
PCPG,5,ENSG00000261675.1,RP5-1119A7.17,sense_overlapping,0.48351058
PCPG,6,ENSG00000176840.11,MIR7-3HG,lincRNA,0.47172362
PCPG,7,ENSG00000272163.1,GS1-72M22.1,antisense,0.34090918
PCPG,8,ENSG00000255498.1,RP11-618K13.2,antisense,0.22054334
PCPG,9,ENSG00000276724.1,RP11-1000B6.7,sense_intronic,0.18286575
PCPG,10,ENSG00000099869.7,IGF2-AS,antisense,0.14489679
PRAD,1,ENSG00000275563.1,CTD-2311B13.5,antisense,1.4940089
PRAD,2,ENSG00000276888.1,RP11-244H18.1,antisense,1.4544519
PRAD,3,ENSG00000236666.1,POTEH-AS1,antisense,0.9431753
PRAD,4,ENSG00000258414.1,RP11-356O9.1,lincRNA,0.64713895
PRAD,5,ENSG00000248408.1,RP11-452C8.1,lincRNA,0.517894
PRAD,6,ENSG00000225937.1,PCA3,antisense,0.5085182
PRAD,7,ENSG00000254531.1,FLJ20021,lincRNA,0.30873194
PRAD,8,ENSG00000231150.5,RP1-207H1.3,antisense,0.26304772
PRAD,9,ENSG00000254480.1,RP11-23F23.2,lincRNA,0.24729602
PRAD,10,ENSG00000280623.1,PCAT14,lincRNA,0.15252668
READ,1,ENSG00000226812.2,RP5-881L22.5,antisense,1.0328133
READ,2,ENSG00000255474.1,RP11-234B24.2,lincRNA,0.6702676
READ,3,ENSG00000236935.1,AP003774.1,antisense,0.44458124
READ,4,ENSG00000229719.3,AP001187.9,lincRNA,0.4295818
READ,5,ENSG00000177133.10,LINC00982,antisense,0.15766433
READ,6,ENSG00000254290.1,RP11-150O12.3,lincRNA,0.14989775
READ,7,ENSG00000274993.1,RP11-395B7.2,antisense,0.11432217
READ,8,ENSG00000242407.1,CTD-2377D24.4,lincRNA,0.09853918
READ,9,ENSG00000258377.1,RP11-649E7.5,antisense,0.08026674
READ,10,ENSG00000232803.1,SLCO4A1-AS1,antisense,0.07417706
SARC,1,ENSG00000230630.2,DNM3OS,antisense,0.5834339
SARC,2,ENSG00000275234.1,CTD-2396E7.11,antisense,0.51298517
SARC,3,ENSG00000203499.10,FAM83H-AS1,lincRNA,0.29870456
SARC,4,ENSG00000245812.2,RP11-175K6.1,lincRNA,0.29824942
SARC,5,ENSG00000274173.1,RP4-568C11.4,lincRNA,0.25097808
SARC,6,ENSG00000272141.1,RP11-465B22.8,lincRNA,0.23648971
SARC,7,ENSG00000233117.2,LINC00702,lincRNA,0.19832966
SARC,8,ENSG00000232527.7,RP11-14N7.2,lincRNA,0.18809482
SARC,9,ENSG00000247498.9,RP11-392P7.6,antisense,0.18450028
SARC,10,ENSG00000255390.1,RP11-732A19.5,antisense,0.1831592
SKCM,1,ENSG00000183674.11,LINC00518,lincRNA,2.8819532
SKCM,2,ENSG00000262223.6,RP11-1055B8.3,lincRNA,1.2799278
SKCM,3,ENSG00000259006.1,RP11-566K11.4,antisense,0.5310629
SKCM,4,ENSG00000254416.5,RP11-347E10.1,lincRNA,0.47392353
SKCM,5,ENSG00000230798.5,FOXD3-AS1,antisense,0.25036234
SKCM,6,ENSG00000232656.7,IDI2-AS1,antisense,0.22138603
SKCM,7,ENSG00000225106.1,RP11-429E11.2,antisense,0.18136308
SKCM,8,ENSG00000266844.1,RP11-862L9.3,antisense,0.11096188
SKCM,9,ENSG00000274029.1,RP11-340F14.6,lincRNA,0.09866203
SKCM,10,ENSG00000228812.7,LAMA5-AS1,antisense,0.07742274
STAD,1,ENSG00000268592.3,RAET1E-AS1,antisense,0.9576519
STAD,2,ENSG00000228830.1,RP4-781K5.2,antisense,0.43251696
STAD,3,ENSG00000251562.7,MALAT1,lincRNA,0.41970578
STAD,4,ENSG00000258017.1,RP11-386G11.10,antisense,0.38029465
STAD,5,ENSG00000267125.2,CTB-31O20.6,antisense,0.3757439
STAD,6,ENSG00000229719.3,AP001187.9,lincRNA,0.28562406
STAD,7,ENSG00000255301.1,RP11-624G17.3,antisense,0.19706734
STAD,8,ENSG00000237125.8,HAND2-AS1,antisense,0.15040876
STAD,9,ENSG00000272440.1,RP11-379F4.6,lincRNA,0.1484694
STAD,10,ENSG00000268388.5,FENDRR,lincRNA,0.1271591
TGCT,1,ENSG00000249532.3,RP11-148B6.1,antisense,2.389621
TGCT,2,ENSG00000269564.1,AC008753.4,lincRNA,0.74710876
TGCT,3,ENSG00000226091.7,LINC00937,lincRNA,0.5957923
TGCT,4,ENSG00000280623.1,PCAT14,lincRNA,0.43383816
TGCT,5,ENSG00000223403.3,MEG9,lincRNA,0.35043275
TGCT,6,ENSG00000266490.1,CTD-2349P21.9,lincRNA,0.28956717
TGCT,7,ENSG00000233056.2,ERVH48-1,lincRNA,0.24797456
TGCT,8,ENSG00000255474.1,RP11-234B24.2,lincRNA,0.21215366
TGCT,9,ENSG00000272556.1,RP11-638I8.1,lincRNA,0.17634186
TGCT,10,ENSG00000282024.1,RP3-467D16.3,antisense,0.16770604
THCA,1,ENSG00000253563.2,NKX2-1-AS1,antisense,0.85323644
THCA,2,ENSG00000260992.1,DOCK9-AS2,antisense,0.75286835
THCA,3,ENSG00000259104.2,PTCSC3,lincRNA,0.72811526
THCA,4,ENSG00000259052.1,AL157871.2,sense_overlapping,0.6932763
THCA,5,ENSG00000236130.1,PTCSC2,lincRNA,0.6769755
THCA,6,ENSG00000225742.5,RP11-513G11.4,lincRNA,0.63228387
THCA,7,ENSG00000260057.5,LINC01571,lincRNA,0.59109527
THCA,8,ENSG00000233705.6,SLC26A4-AS1,antisense,0.41441458
THCA,9,ENSG00000248636.6,RP11-768F21.1,lincRNA,0.370228
THCA,10,ENSG00000229891.1,LINC01315,lincRNA,0.19779833
THYM,1,ENSG00000256576.2,RP13-977J11.2,lincRNA,1.4935104
THYM,2,ENSG00000236656.1,RP11-144L1.4,antisense,1.1985437
THYM,3,ENSG00000186960.10,LINC01551,lincRNA,0.7696391
THYM,4,ENSG00000272927.1,RP11-1191J2.5,antisense,0.46362594
THYM,5,ENSG00000279141.3,LINC01451,lincRNA,0.39291883
THYM,6,ENSG00000229407.5,RP11-12M5.3,antisense,0.35690668
THYM,7,ENSG00000241657.1,TRBV11-2,lincRNA,0.34957424
THYM,8,ENSG00000196421.7,LINC00176,lincRNA,0.3024713
THYM,9,ENSG00000216921.7,AC131097.4,lincRNA,0.23752493
THYM,10,ENSG00000237886.1,LINC01573,antisense,0.09052224
UCEC,1,ENSG00000277749.1,RP11-60L3.6,antisense,0.93872285
UCEC,2,ENSG00000255126.1,CTD-2531D15.5,antisense,0.46483925
UCEC,3,ENSG00000231764.8,DLX6-AS1,antisense,0.4459336
UCEC,4,ENSG00000229847.8,EMX2OS,antisense,0.3163422
UCEC,5,ENSG00000277534.1,RP11-9E17.1,sense_intronic,0.21695453
UCEC,6,ENSG00000273796.1,LL21NC02-21A1.1,lincRNA,0.16818677
UCEC,7,ENSG00000258504.2,RP11-638I2.6,lincRNA,0.12833667
UCEC,8,ENSG00000226816.2,AC005082.12,lincRNA,0.09505311
UCEC,9,ENSG00000267194.1,RP1-193H18.2,lincRNA,0.08801445
UCEC,10,ENSG00000230061.2,TRPM2-AS,antisense,0.08609299
UCS,1,ENSG00000230630.2,DNM3OS,antisense,1.4403363
UCS,2,ENSG00000270866.1,RP11-706J10.2,lincRNA,0.5086518
UCS,3,ENSG00000233117.2,LINC00702,lincRNA,0.361593
UCS,4,ENSG00000255390.1,RP11-732A19.5,antisense,0.33107337
UCS,5,ENSG00000240801.1,AC132217.4,3prime_overlapping_ncrna,0.25520557
UCS,6,ENSG00000231764.8,DLX6-AS1,antisense,0.2239233
UCS,7,ENSG00000274177.1,LLNLR-284B4.1,antisense,0.15551507
UCS,8,ENSG00000276445.1,LLNLR-268E12.1,lincRNA,0.15029933
UCS,9,ENSG00000267815.1,CTB-191K22.5,antisense,0.13994299
UCS,10,ENSG00000229953.1,RP11-284F21.7,antisense,0.13146958
UVM,1,ENSG00000232803.1,SLCO4A1-AS1,antisense,1.8286251
UVM,2,ENSG00000261195.1,CTD-2380F24.1,antisense,1.661491
UVM,3,ENSG00000226674.8,TEX41,lincRNA,1.023273
UVM,4,ENSG00000232656.7,IDI2-AS1,antisense,0.98468
UVM,5,ENSG00000253552.7,HOXA-AS2,antisense,0.6481506
UVM,6,ENSG00000183674.11,LINC00518,lincRNA,0.28407434
UVM,7,ENSG00000227036.6,LINC00511,lincRNA,0.15763828
UVM,8,ENSG00000231789.2,PIK3CD-AS2,antisense,0.12484523
UVM,9,ENSG00000262223.6,RP11-1055B8.3,lincRNA,0.09886391
UVM,10,ENSG00000229950.1,TFAP2A-AS1,antisense,0.096660115
