universe,cancer_type,n,n_sites,chance,balanced_accuracy,above_chance
lncRNA,BLCA,211,8,0.125,0.26928904428904427,0.14428904428904427
lncRNA,BRCA,817,17,0.058823529411764705,0.2250369077655158,0.1662133783537511
lncRNA,CESC,139,4,0.25,0.4476190476190476,0.19761904761904758
lncRNA,COAD,159,7,0.14285714285714285,0.4262277801563516,0.28337063729920875
lncRNA,ESCA,87,3,0.3333333333333333,0.6823686371100165,0.3490353037766832
lncRNA,HNSC,329,9,0.1111111111111111,0.31497581124432367,0.20386470013321256
lncRNA,KIRC,370,7,0.14285714285714285,0.48507867964173823,0.3422215367845954
lncRNA,KIRP,70,3,0.3333333333333333,0.5656940760389036,0.23236074270557033
lncRNA,LGG,310,8,0.125,0.40535392868330017,0.28035392868330017
lncRNA,LIHC,199,5,0.2,0.31882448201952845,0.11882448201952844
lncRNA,LUAD,261,8,0.125,0.4330715287830014,0.3080715287830014
lncRNA,LUSC,252,10,0.1,0.2561427529269421,0.1561427529269421
lncRNA,OV,284,8,0.125,0.2494353975111702,0.12443539751117019
lncRNA,PAAD,65,3,0.3333333333333333,0.45338615355593287,0.12005282022259955
lncRNA,PRAD,305,9,0.1111111111111111,0.4501216687491197,0.3390105576380086
lncRNA,STAD,267,6,0.16666666666666666,0.565039988193597,0.3983733215269304
lncRNA,THCA,319,7,0.14285714285714285,0.36994181265903014,0.2270846698018873
lncRNA,THYM,50,3,0.3333333333333333,0.5801742919389978,0.24684095860566452
protein_coding,BLCA,211,8,0.125,0.26625874125874127,0.14125874125874127
protein_coding,BRCA,817,17,0.058823529411764705,0.18850473985054256,0.12968121043877784
protein_coding,CESC,139,4,0.25,0.37706043956043955,0.12706043956043955
protein_coding,COAD,159,7,0.14285714285714285,0.37917279149422006,0.2363156486370772
protein_coding,ESCA,87,3,0.3333333333333333,0.560823754789272,0.22749042145593873
protein_coding,HNSC,329,9,0.1111111111111111,0.2688274718845475,0.15771636077343637
protein_coding,KIRC,370,7,0.14285714285714285,0.4145145596982737,0.27165741684113087
protein_coding,KIRP,70,3,0.3333333333333333,0.47659888004715584,0.14326554671382252
protein_coding,LGG,310,8,0.125,0.3527013478337158,0.22770134783371582
protein_coding,LIHC,199,5,0.2,0.32460585853774704,0.12460585853774703
protein_coding,LUAD,261,8,0.125,0.33456304866320474,0.20956304866320474
protein_coding,LUSC,252,10,0.1,0.2064328671577524,0.10643286715775238
protein_coding,OV,284,8,0.125,0.2519544606919981,0.12695446069199812
protein_coding,PAAD,65,3,0.3333333333333333,0.37555178268251277,0.042218449349179454
protein_coding,PRAD,305,9,0.1111111111111111,0.4600374740897617,0.3489263629786506
protein_coding,STAD,267,6,0.16666666666666666,0.5366160330552633,0.36994936638859666
protein_coding,THCA,319,7,0.14285714285714285,0.388354993738789,0.24549785088164616
protein_coding,THYM,50,3,0.3333333333333333,0.47647058823529415,0.14313725490196083
