gene_id,gene_name,gene_type,n_classes_using,classes_using
ENSG00000271824.1,AC009014.3,lincRNA,1,KIRP
ENSG00000261399.1,LA16c-329F2.1,antisense,1,KICH
ENSG00000237424.1,FOXD2-AS1,antisense,1,SARC
ENSG00000281162.2,LINC01127,lincRNA,1,HNSC
ENSG00000248810.1,RP11-362F19.1,lincRNA,1,PAAD
ENSG00000261496.1,RP13-514E23.1,sense_overlapping,1,LGG
ENSG00000254166.1,CASC19,lincRNA,1,LUSC
ENSG00000260992.1,DOCK9-AS2,antisense,1,THCA
ENSG00000261195.1,CTD-2380F24.1,antisense,1,UVM
ENSG00000233101.10,HOXB-AS3,antisense,1,HNSC
ENSG00000223485.1,RP11-417E7.1,lincRNA,2,HNSC;MESO
ENSG00000274956.2,UG0898H09,lincRNA,1,LGG
ENSG00000258584.1,FAM181A-AS1,antisense,1,GBM
ENSG00000260877.1,RP11-211G23.2,lincRNA,1,PAAD
ENSG00000230630.2,DNM3OS,antisense,2,SARC;UCS
ENSG00000226733.1,RP11-397G17.1,lincRNA,2,CHOL;LIHC
ENSG00000132204.13,LINC00470,lincRNA,1,BLCA
ENSG00000254480.1,RP11-23F23.2,lincRNA,1,PRAD
ENSG00000225826.1,LINC00626,lincRNA,2,LUSC;UCS
ENSG00000237463.5,RP11-280O1.2,antisense,1,THCA
ENSG00000235387.1,LINC00961,lincRNA,1,KIRC
ENSG00000231367.5,AC016995.3,lincRNA,1,BRCA
ENSG00000230424.1,RP1-43E13.2,antisense,1,SARC
ENSG00000250041.2,CTD-2003C8.2,lincRNA,1,BLCA
ENSG00000275830.1,RP11-403A3.3,lincRNA,1,GBM
ENSG00000248408.1,RP11-452C8.1,lincRNA,1,PRAD
ENSG00000228639.6,AC005152.3,lincRNA,1,BRCA
ENSG00000233429.9,HOTAIRM1,antisense,1,BLCA
ENSG00000228528.1,AC068057.1,lincRNA,1,LGG
ENSG00000231150.5,RP1-207H1.3,antisense,1,PRAD
ENSG00000259052.1,AL157871.2,sense_overlapping,1,THCA
ENSG00000258791.7,LINC00520,lincRNA,1,SKCM
ENSG00000267815.1,CTB-191K22.5,antisense,1,CESC
ENSG00000275632.1,RP5-967N21.11,lincRNA,1,CESC
ENSG00000180861.9,LINC01559,lincRNA,1,COAD
ENSG00000248323.5,LUCAT1,lincRNA,1,LUAD
ENSG00000273297.1,RP11-38M8.1,lincRNA,1,BLCA
ENSG00000216921.7,AC131097.4,lincRNA,1,THYM
ENSG00000228830.1,RP4-781K5.2,antisense,2,OV;STAD
ENSG00000261824.6,LINC00662,lincRNA,1,CESC
ENSG00000268739.1,CTC-518B2.12,antisense,2,CESC;HNSC
ENSG00000275216.1,RP11-54H7.4,lincRNA,1,HNSC
ENSG00000272645.2,RP11-504P24.8,lincRNA,1,HNSC
ENSG00000267322.2,SNHG22,antisense,1,STAD
ENSG00000236740.6,RP11-411K7.1,lincRNA,1,HNSC
ENSG00000265840.1,AC010761.10,antisense,2,ESCA;STAD
ENSG00000238279.1,BX470102.3,antisense,1,PAAD
ENSG00000231106.2,LINC01436,lincRNA,1,SARC
ENSG00000257588.1,RP11-469H8.6,antisense,1,UCEC
ENSG00000258414.1,RP11-356O9.1,lincRNA,1,PRAD
ENSG00000269210.2,RP11-173C1.1,antisense,1,CESC
ENSG00000258955.1,LINC00519,lincRNA,2,HNSC;LUSC
ENSG00000183674.11,LINC00518,lincRNA,2,SKCM;UVM
ENSG00000225937.1,PCA3,antisense,1,PRAD
ENSG00000226598.1,AC017060.1,lincRNA,1,LUAD
ENSG00000236039.1,AC019117.2,lincRNA,1,LUAD
ENSG00000231210.2,LINC01510,lincRNA,1,KIRP
ENSG00000236656.1,RP11-144L1.4,antisense,1,THYM
ENSG00000272478.1,RP1-317E23.7,antisense,1,GBM
ENSG00000277534.1,RP11-9E17.1,sense_intronic,1,UCEC
ENSG00000259933.6,RP11-304L19.1,sense_overlapping,1,COAD
ENSG00000225742.5,RP11-513G11.4,lincRNA,1,THCA
ENSG00000229671.1,LINC01150,lincRNA,1,LAML
ENSG00000257607.1,RP11-449P15.1,antisense,1,KIRC
ENSG00000197308.8,GATA3-AS1,lincRNA,1,BLCA
ENSG00000272087.1,RP11-379F4.7,lincRNA,1,MESO
ENSG00000223914.1,AC079630.2,lincRNA,1,KIRP
ENSG00000262188.1,RP11-353N14.4,lincRNA,1,STAD
ENSG00000240618.1,RP11-206L10.5,lincRNA,1,ESCA
ENSG00000242407.1,CTD-2377D24.4,lincRNA,2,PRAD;READ
ENSG00000234184.5,RP5-887A10.1,lincRNA,1,KIRP
ENSG00000262456.1,RP1-59D14.1,antisense,1,ESCA
ENSG00000231826.5,AC016735.2,lincRNA,1,BLCA
ENSG00000266918.1,RP11-798G7.8,lincRNA,1,LAML
ENSG00000228262.8,LINC01320,lincRNA,2,KIRC;KIRP
ENSG00000225106.1,RP11-429E11.2,antisense,2,SKCM;UVM
ENSG00000255366.1,RP11-1134I14.8,lincRNA,1,LGG
ENSG00000274248.1,AJ011932.1,lincRNA,1,SARC
ENSG00000259661.1,AC068831.15,antisense,1,HNSC
ENSG00000224652.1,LINC00885,lincRNA,1,LUSC
ENSG00000273760.1,CH17-360D5.3,lincRNA,2,ESCA;HNSC
ENSG00000239922.1,RP11-71N10.1,lincRNA,1,GBM
ENSG00000233013.8,FAM157B,lincRNA,1,ESCA
ENSG00000267481.1,CTC-559E9.5,sense_intronic,1,CESC
ENSG00000272666.1,CTA-384D8.35,lincRNA,2,CESC;HNSC
ENSG00000249430.1,CTD-2231H16.1,lincRNA,1,LUSC
ENSG00000272440.1,RP11-379F4.6,lincRNA,1,STAD
ENSG00000226328.6,NUP50-AS1,lincRNA,1,HNSC
ENSG00000253706.5,RP11-758M4.4,antisense,2,ESCA;LUSC
ENSG00000255811.1,RP1-34M23.5,antisense,1,HNSC
ENSG00000268628.2,RP1-122P22.4,lincRNA,1,STAD
ENSG00000223403.3,MEG9,lincRNA,1,TGCT
ENSG00000265282.1,RP11-269G24.4,lincRNA,1,PCPG
ENSG00000261478.1,RP11-429B14.4,lincRNA,1,LGG
ENSG00000267125.2,CTB-31O20.6,antisense,1,COAD
ENSG00000237149.5,ZNF503-AS2,antisense,1,OV
ENSG00000256417.1,RP11-1038A11.3,lincRNA,1,LUSC
ENSG00000228630.5,HOTAIR,antisense,1,BRCA
ENSG00000255390.1,RP11-732A19.5,antisense,1,SARC
ENSG00000223956.1,RP4-710M16.2,lincRNA,1,LIHC
ENSG00000226816.2,AC005082.12,lincRNA,1,UCEC
ENSG00000231346.5,LINC01160,lincRNA,1,HNSC
ENSG00000267254.5,ZNF790-AS1,antisense,1,CESC
ENSG00000267007.1,CTB-31O20.3,antisense,1,BLCA
ENSG00000231412.2,CTC-490G23.2,lincRNA,1,HNSC
ENSG00000223652.2,AC106786.1,antisense,1,SARC
ENSG00000269564.1,AC008753.4,lincRNA,1,TGCT
ENSG00000264578.1,RP11-360L9.8,antisense,1,LUSC
ENSG00000259802.1,CTD-2256P15.2,antisense,1,LUSC
ENSG00000243004.5,AC005062.2,sense_overlapping,1,LUSC
ENSG00000244649.4,CTD-2377D24.6,lincRNA,1,COAD
ENSG00000276131.1,RP11-481J2.3,antisense,1,HNSC
ENSG00000258232.2,RP11-161H23.5,antisense,2,OV;STAD
ENSG00000256128.5,LINC00944,lincRNA,1,HNSC
ENSG00000276269.1,RP11-403A3.2,lincRNA,1,LGG
ENSG00000253174.2,RP11-360L9.7,antisense,1,UCS
ENSG00000267272.5,LINC01140,lincRNA,1,SARC
ENSG00000136315.4,RP11-84C10.2,lincRNA,1,LAML
ENSG00000266642.2,RP11-20B24.4,antisense,1,BLCA
ENSG00000273585.1,RP11-14C10.5,lincRNA,1,KIRC
ENSG00000280623.1,PCAT14,lincRNA,1,PRAD
ENSG00000258910.2,RP11-19E11.1,lincRNA,1,BRCA
ENSG00000260329.1,RP11-412D9.4,antisense,1,SARC
ENSG00000236130.1,PTCSC2,lincRNA,1,THCA
ENSG00000184809.12,B3GALT5-AS1,antisense,1,PAAD
ENSG00000261068.2,RP11-7K24.3,lincRNA,1,ESCA
ENSG00000233725.7,LINC00284,lincRNA,1,UCEC
ENSG00000262995.1,CTD-2194A8.2,antisense,1,KIRP
ENSG00000274422.1,LL22NC03-2H8.5,lincRNA,1,LAML
ENSG00000229647.1,AC007879.7,lincRNA,1,LUSC
ENSG00000233527.8,ZNF529-AS1,antisense,1,HNSC
ENSG00000256694.1,RP11-598F7.5,antisense,1,KIRC
ENSG00000228951.1,RP11-336A10.4,lincRNA,1,BLCA
ENSG00000232527.7,RP11-14N7.2,lincRNA,1,SARC
ENSG00000247844.1,CCAT1,lincRNA,1,ESCA
ENSG00000267328.1,AC002398.12,antisense,1,SARC
ENSG00000277749.1,RP11-60L3.6,antisense,2,OV;UCEC
ENSG00000244541.5,LINC01213,lincRNA,1,PRAD
ENSG00000185186.8,LINC00313,lincRNA,1,CESC
ENSG00000276980.1,CTD-3128G10.7,sense_intronic,1,LIHC
ENSG00000266010.1,GATA6-AS1,lincRNA,1,PAAD
ENSG00000267601.1,RP11-323N12.5,antisense,1,OV
ENSG00000254389.3,RHPN1-AS1,antisense,1,BRCA
ENSG00000270039.1,RP11-571M6.17,lincRNA,1,SARC
ENSG00000266844.1,RP11-862L9.3,antisense,1,LGG
ENSG00000249746.1,RP11-254I22.3,lincRNA,1,LUAD
ENSG00000276445.1,LLNLR-268E12.1,lincRNA,1,UCS
ENSG00000249628.2,LINC00942,lincRNA,1,LUAD
ENSG00000235123.5,DSCAM-AS1,antisense,1,BRCA
ENSG00000275563.1,CTD-2311B13.5,antisense,1,PRAD
ENSG00000273615.1,RP11-1136G4.2,lincRNA,1,BRCA
ENSG00000259153.1,RP6-65G23.3,lincRNA,1,SARC
ENSG00000270866.1,RP11-706J10.2,lincRNA,1,UCS
ENSG00000267575.6,CTC-459F4.3,lincRNA,1,CESC
ENSG00000257181.1,RP11-611O2.5,antisense,1,ESCA
ENSG00000213963.6,AC074286.1,sense_overlapping,1,LUSC
ENSG00000249096.6,RP11-290F5.1,lincRNA,2,LUAD;LUSC
ENSG00000256462.1,RP11-116G8.5,antisense,2,HNSC;LUSC
ENSG00000258017.1,RP11-386G11.10,antisense,1,STAD
ENSG00000187185.4,CTD-2600O9.1,lincRNA,1,LUAD
ENSG00000227066.1,RP3-340N1.2,lincRNA,1,LUAD
ENSG00000205488.8,CALML3-AS1,antisense,2,CESC;ESCA
ENSG00000256576.2,RP13-977J11.2,lincRNA,1,THYM
ENSG00000251169.2,AC005355.2,lincRNA,1,COAD
ENSG00000253701.2,AL928768.3,lincRNA,1,LUSC
ENSG00000272053.1,RP11-367G6.3,lincRNA,1,LAML
ENSG00000260941.1,LINC00622,sense_overlapping,1,SKCM
ENSG00000254919.1,RP11-698N11.2,antisense,1,GBM
ENSG00000259225.6,RP11-1008C21.1,lincRNA,1,LUAD
ENSG00000234377.7,RNF219-AS1,antisense,1,LGG
ENSG00000253408.5,RP11-231D20.2,antisense,1,LUSC
ENSG00000230084.5,RP4-613B23.1,antisense,1,LGG
ENSG00000268220.1,RP11-379K17.12,antisense,1,HNSC
ENSG00000261012.2,RP11-116D2.1,lincRNA,1,LIHC
ENSG00000231764.8,DLX6-AS1,antisense,2,UCEC;UCS
ENSG00000261760.6,RP11-1223D19.1,lincRNA,2,OV;UCEC
ENSG00000278642.1,RP11-159D12.11,lincRNA,1,UCEC
ENSG00000234614.1,AL450992.2,antisense,1,CESC
ENSG00000233705.6,SLC26A4-AS1,antisense,1,THCA
ENSG00000268518.1,CTD-2545M3.8,lincRNA,1,HNSC
ENSG00000234883.3,MIR155HG,lincRNA,1,DLBC
ENSG00000258757.1,RP11-841O20.2,antisense,1,STAD
ENSG00000240498.6,CDKN2B-AS1,antisense,1,CESC
ENSG00000269972.1,RP3-430N8.10,lincRNA,1,ESCA
ENSG00000275620.1,FLJ16779,antisense,1,LGG
ENSG00000238142.1,RP11-108M9.4,lincRNA,1,HNSC
ENSG00000179406.6,LINC00174,lincRNA,1,ESCA
ENSG00000237125.8,HAND2-AS1,antisense,1,PCPG
ENSG00000259772.6,RP11-16E12.2,lincRNA,2,LUAD;LUSC
ENSG00000176840.11,MIR7-3HG,lincRNA,2,PAAD;PCPG
ENSG00000267475.1,CTD-2538C1.2,lincRNA,1,BLCA
ENSG00000272763.1,RP11-357H14.17,lincRNA,1,COAD
ENSG00000261804.1,RP11-44F14.2,lincRNA,1,ESCA
ENSG00000254560.5,BBOX1-AS1,antisense,1,BLCA
ENSG00000232110.7,RP11-149I23.3,antisense,1,KIRP
ENSG00000214725.7,CDIPT-AS1,antisense,1,LUSC
ENSG00000259969.1,RP11-999E24.3,sense_overlapping,1,LGG
ENSG00000269899.1,RP11-589N15.2,sense_intronic,1,LUSC
ENSG00000267405.1,CTC-296K1.4,lincRNA,1,SARC
ENSG00000280206.1,CTB-193M12.5,lincRNA,1,CESC
ENSG00000273335.1,RP11-61L19.2,lincRNA,1,BLCA
ENSG00000274002.1,RP11-66N24.6,lincRNA,1,LUAD
ENSG00000250056.5,LINC01018,lincRNA,1,MESO
ENSG00000236028.1,RP11-323C15.2,lincRNA,2,CESC;LUSC
ENSG00000269888.1,RP11-3P17.5,lincRNA,1,ESCA
ENSG00000241158.5,ADAMTS9-AS1,antisense,1,KIRP
ENSG00000255750.5,RP11-283G6.5,antisense,1,OV
ENSG00000186960.10,LINC01551,lincRNA,2,GBM;THYM
ENSG00000232931.5,LINC00342,lincRNA,1,PAAD
ENSG00000236935.1,AP003774.1,antisense,2,COAD;READ
ENSG00000268388.5,FENDRR,lincRNA,1,STAD
ENSG00000264299.1,RP11-680F20.12,antisense,1,MESO
ENSG00000254528.7,RP11-728F11.4,antisense,1,KICH
ENSG00000259725.1,CTD-3032H12.1,lincRNA,1,BRCA
ENSG00000182648.11,LINC01006,lincRNA,1,BLCA
ENSG00000230812.5,LINC01358,lincRNA,1,SARC
ENSG00000253574.5,RP11-284H18.1,antisense,1,KIRC
ENSG00000272620.1,AFAP1-AS1,antisense,1,LUAD
ENSG00000249082.2,C5orf66-AS1,lincRNA,2,CESC;HNSC
ENSG00000254290.1,RP11-150O12.3,lincRNA,2,COAD;READ
ENSG00000261664.5,TTC39A-AS1,antisense,1,BRCA
ENSG00000247228.2,RP11-296I10.3,antisense,1,KIRC
ENSG00000255474.1,RP11-234B24.2,lincRNA,2,COAD;READ
ENSG00000258754.7,LINC01579,lincRNA,1,GBM
ENSG00000253563.2,NKX2-1-AS1,antisense,2,LUAD;THCA
ENSG00000230177.1,RP5-1112D6.4,antisense,1,UCEC
ENSG00000223814.1,RP11-543D5.2,lincRNA,1,KIRP
ENSG00000224137.1,AC079767.4,lincRNA,1,DLBC
ENSG00000229719.3,AP001187.9,lincRNA,2,COAD;STAD
ENSG00000249669.7,MIR143HG,lincRNA,1,SARC
ENSG00000259865.1,RP11-488L18.10,lincRNA,1,HNSC
ENSG00000279141.3,LINC01451,lincRNA,1,THYM
ENSG00000276216.1,CH17-373J23.1,lincRNA,1,LAML
ENSG00000275234.1,CTD-2396E7.11,antisense,1,SARC
ENSG00000263893.2,CTD-3010D24.3,lincRNA,1,LUAD
ENSG00000270001.1,RP11-218C14.8,lincRNA,1,LGG
ENSG00000249532.3,RP11-148B6.1,antisense,1,TGCT
ENSG00000224984.1,RP11-524H19.2,antisense,1,ESCA
ENSG00000268307.1,CTD-2619J13.13,lincRNA,1,HNSC
ENSG00000259006.1,RP11-566K11.4,antisense,1,SKCM
ENSG00000260664.2,AC004158.3,lincRNA,1,LGG
ENSG00000260943.1,RP11-476D10.1,lincRNA,1,THCA
ENSG00000260025.1,RP11-490M8.1,lincRNA,1,MESO
ENSG00000267278.5,MAP3K14-AS1,antisense,1,LUAD
ENSG00000260912.1,RP11-363E7.4,sense_overlapping,1,BLCA
ENSG00000272899.2,RP11-309L24.4,lincRNA,2,CESC;KIRP
ENSG00000261327.4,RP11-863P13.3,lincRNA,2,HNSC;PAAD
ENSG00000258479.5,LINC00640,lincRNA,1,HNSC
ENSG00000224842.2,RP11-123K19.1,antisense,1,BRCA
ENSG00000228058.1,RP11-552D4.1,lincRNA,1,LGG
ENSG00000237438.6,CECR7,lincRNA,1,SKCM
ENSG00000261116.1,RP3-523K23.2,sense_overlapping,1,HNSC
ENSG00000258498.6,DIO3OS,lincRNA,2,CESC;PAAD
ENSG00000268262.1,CTC-246B18.8,sense_overlapping,1,OV
ENSG00000255462.1,RP11-483L5.1,antisense,1,KIRC
ENSG00000254416.5,RP11-347E10.1,lincRNA,1,SKCM
ENSG00000260261.1,RP11-480A16.1,lincRNA,1,LUSC
ENSG00000263753.6,LINC00667,lincRNA,1,UCEC
ENSG00000244300.2,GATA2-AS1,antisense,1,CESC
ENSG00000260057.5,LINC01571,lincRNA,1,THCA
ENSG00000244468.1,RP11-206M11.7,antisense,1,BRCA
ENSG00000229847.8,EMX2OS,antisense,1,UCEC
ENSG00000259354.5,RP11-519G16.3,antisense,1,LUAD
ENSG00000248636.6,RP11-768F21.1,lincRNA,1,THCA
ENSG00000236345.1,RP11-59D5__B.2,antisense,2,LUAD;LUSC
ENSG00000258929.6,RP11-58E21.3,lincRNA,1,BRCA
ENSG00000225889.7,AC074289.1,antisense,1,LUSC
ENSG00000259353.1,RP11-30K9.5,antisense,1,PAAD
ENSG00000265401.1,RP11-138I1.4,antisense,1,OV
ENSG00000259925.1,CTA-363E6.2,lincRNA,1,LUAD
ENSG00000239268.2,RP11-384F7.2,lincRNA,1,LGG
ENSG00000230838.1,AC093850.2,lincRNA,1,BRCA
ENSG00000226812.2,RP5-881L22.5,antisense,2,COAD;READ
ENSG00000251381.6,LINC00958,lincRNA,2,CESC;HNSC
ENSG00000254211.5,LINC01485,lincRNA,1,LIHC
ENSG00000243350.1,RP11-379F12.3,lincRNA,2,BLCA;BRCA
ENSG00000276850.4,CH17-360D5.2,lincRNA,2,BLCA;MESO
ENSG00000188242.4,PP7080,antisense,1,ESCA
ENSG00000254337.1,RP11-865I6.2,lincRNA,1,UCS
ENSG00000241990.5,PRR34-AS1,antisense,1,CESC
ENSG00000260528.3,FAM157C,lincRNA,1,LUSC
ENSG00000225855.6,RUSC1-AS1,antisense,1,HNSC
ENSG00000273388.1,RP11-401O9.4,antisense,1,BRCA
ENSG00000251164.1,HULC,lincRNA,1,LIHC
ENSG00000247498.9,RP11-392P7.6,antisense,1,SARC
ENSG00000259485.1,CTD-2147F2.1,lincRNA,1,LUSC
ENSG00000260418.1,RP3-406A7.7,lincRNA,1,CESC
ENSG00000256151.1,RP11-76C10.5,lincRNA,2,LUAD;LUSC
ENSG00000261790.1,AC005606.14,lincRNA,1,BRCA
ENSG00000229407.5,RP11-12M5.3,antisense,1,PCPG
ENSG00000251562.7,MALAT1,lincRNA,2,ESCA;STAD
ENSG00000177822.7,AC108142.1,antisense,1,HNSC
ENSG00000259104.2,PTCSC3,lincRNA,1,THCA
ENSG00000258586.1,RP5-1021I20.2,lincRNA,1,KIRC
ENSG00000237517.8,DGCR5,antisense,1,KIRC
ENSG00000226738.1,CTA-384D8.31,antisense,2,BLCA;CESC
ENSG00000262714.1,RP11-44F14.8,lincRNA,1,ESCA
ENSG00000238117.1,AP004372.1,antisense,1,BRCA
ENSG00000268592.3,RAET1E-AS1,antisense,2,ESCA;STAD
ENSG00000267395.5,AC074212.6,antisense,1,OV
ENSG00000261039.2,RP11-417E7.2,lincRNA,2,BRCA;PAAD
ENSG00000225548.5,AC098973.2,lincRNA,2,BLCA;LUSC
ENSG00000249601.2,LINC01187,lincRNA,2,KICH;KIRC
ENSG00000266341.1,RP5-890E16.4,antisense,2,HNSC;LUSC
ENSG00000273132.1,RP11-350J20.12,antisense,2,LUAD;PAAD
ENSG00000245812.2,RP11-175K6.1,lincRNA,1,SARC
ENSG00000231971.5,RP11-557H15.3,lincRNA,1,HNSC
ENSG00000238113.6,LINC01410,lincRNA,1,BLCA
ENSG00000265148.5,BZRAP1-AS1,antisense,1,SARC
ENSG00000269186.1,LINC01082,lincRNA,2,BLCA;PRAD
ENSG00000267469.1,AC005944.2,antisense,1,LUSC
ENSG00000243766.7,HOTTIP,antisense,1,COAD
ENSG00000099869.7,IGF2-AS,antisense,1,UCS
ENSG00000277268.1,RP11-445F12.1,antisense,1,OV
ENSG00000255126.1,CTD-2531D15.5,antisense,1,UCEC
ENSG00000253187.2,HOXA10-AS,antisense,1,CESC
ENSG00000255191.1,RP11-626H12.1,lincRNA,2,ESCA;PAAD
ENSG00000236663.1,AP001631.9,antisense,1,CESC
ENSG00000258763.5,RP11-110A12.2,antisense,2,HNSC;LUSC
ENSG00000214145.6,LINC00887,lincRNA,1,KIRC
ENSG00000233117.2,LINC00702,lincRNA,1,SARC
ENSG00000204049.1,RP11-126H7.4,antisense,1,BRCA
ENSG00000237989.1,AP001046.5,lincRNA,1,HNSC
ENSG00000259939.1,RP11-77H9.5,antisense,1,GBM
ENSG00000262223.6,RP11-1055B8.3,lincRNA,1,SKCM
ENSG00000259760.1,RP11-20G13.2,antisense,1,MESO
ENSG00000231683.6,RP1-27K12.2,lincRNA,1,LUSC
ENSG00000257663.1,RP11-1100L3.7,antisense,1,STAD
ENSG00000233610.1,LINC00462,lincRNA,1,KIRC
ENSG00000228989.1,AC133528.2,antisense,1,STAD
ENSG00000275874.1,LINC00162,lincRNA,1,BLCA
ENSG00000225383.6,SFTA1P,lincRNA,2,LUAD;LUSC
ENSG00000183242.11,WT1-AS,antisense,2,MESO;OV
ENSG00000204832.9,ST8SIA6-AS1,antisense,1,BRCA
ENSG00000227869.1,RP11-807H17.1,lincRNA,1,KIRC
ENSG00000259457.1,RP11-279F6.2,lincRNA,1,PRAD
ENSG00000276232.1,SCARNA10,sense_intronic,1,COAD
ENSG00000273038.2,RP11-479G22.8,lincRNA,1,CHOL
ENSG00000231013.1,AC013275.2,antisense,2,CHOL;PAAD
ENSG00000255443.1,RP1-68D18.4,antisense,1,ESCA
ENSG00000266729.5,DSG1-AS1,antisense,1,ESCA
ENSG00000166917.8,MIR202HG,antisense,1,ACC
ENSG00000278910.3,BANCR,lincRNA,1,SKCM
ENSG00000259001.3,RPPH1,antisense,1,OV
ENSG00000204380.4,AC005042.4,antisense,2,BRCA;LUSC
ENSG00000267327.1,CTD-2008L17.1,lincRNA,1,LUSC
ENSG00000256916.1,RP11-817J15.2,antisense,1,BRCA
ENSG00000272279.1,RP11-157J24.2,lincRNA,1,BLCA
ENSG00000237643.1,RP11-462G2.1,lincRNA,1,PAAD
ENSG00000237978.5,KCNMB2-AS1,antisense,1,LUSC
ENSG00000229108.1,MEOX2-AS1,lincRNA,1,GBM
ENSG00000253161.5,LINC01605,lincRNA,1,HNSC
ENSG00000242147.1,RP13-463N16.6,lincRNA,1,BLCA
ENSG00000230387.2,RP4-737E23.2,lincRNA,1,BLCA
ENSG00000241570.8,PAQR9-AS1,antisense,1,LIHC
ENSG00000248801.6,C8orf34-AS1,antisense,1,LUSC
ENSG00000233521.5,RP5-1172A22.1,lincRNA,1,MESO
ENSG00000231107.1,LINC01508,lincRNA,1,KIRP
ENSG00000196421.7,LINC00176,lincRNA,1,OV
ENSG00000267128.1,RP11-449J21.5,antisense,1,UCEC
ENSG00000233078.1,RP11-5P18.5,antisense,1,BRCA
ENSG00000260704.1,LINC00543,lincRNA,1,STAD
ENSG00000231295.1,RP4-797C5.2,antisense,1,OV
ENSG00000235687.8,LINC00993,lincRNA,1,BRCA
ENSG00000254605.1,RP11-626H12.2,lincRNA,1,BRCA
ENSG00000260918.1,RP11-731J8.2,sense_overlapping,1,LGG
ENSG00000204949.8,FAM83A-AS1,antisense,1,CESC
ENSG00000244675.2,AC108676.1,sense_overlapping,2,BLCA;HNSC
ENSG00000230943.1,RP11-367G18.1,lincRNA,1,LUSC
ENSG00000229155.1,RP11-528A4.2,lincRNA,1,STAD
ENSG00000272933.1,RP11-47A8.5,lincRNA,1,OV
ENSG00000255468.6,RP11-867G23.8,antisense,1,STAD
ENSG00000185904.11,LINC00839,lincRNA,1,CESC
ENSG00000224911.1,AC015936.3,antisense,1,GBM
ENSG00000227403.1,AC009299.3,lincRNA,1,LUSC
ENSG00000254721.1,RP11-805J14.5,antisense,1,HNSC
