universe,factor,level,n,accuracy,accuracy_low,accuracy_high,top3_accuracy,top3_accuracy_low,top3_accuracy_high,ece,ece_low,ece_high
lncRNA,sex,Female,918,0.9694989106753813,0.9586056644880174,0.9803921568627451,0.9945533769063181,0.9891067538126361,0.9989106753812637,0.015251506793602872,0.011374669028182292,0.02619509909358809
lncRNA,sex,Male,950,0.9631578947368421,0.9505263157894737,0.9747368421052631,0.9978947368421053,0.9947368421052631,1.0,0.009549793318698294,0.007939173991742914,0.02292469642664252
lncRNA,age_group,50 to 64,725,0.9572413793103448,0.9420344827586207,0.9710344827586207,0.9958620689655172,0.9903448275862069,1.0,0.015237981635948679,0.01262139216116786,0.032063816329014665
lncRNA,age_group,65+,653,0.9617151607963247,0.9479326186830015,0.9754977029096478,0.9954058192955589,0.9892802450229708,1.0,0.01558236798320029,0.013529172176880272,0.03245228518137153
lncRNA,age_group,<50,480,0.9854166666666667,0.9729166666666667,0.9958333333333333,0.9979166666666667,0.99375,1.0,0.011587566634019235,0.008833068728757424,0.02349267991880572
lncRNA,stage,I,219,0.9726027397260274,0.9497716894977168,0.9909817351598172,1.0,1.0,1.0,0.01743374077696778,0.010177169291123936,0.03915918708936265
lncRNA,stage,II,121,0.9834710743801653,0.9586776859504132,1.0,1.0,1.0,1.0,0.014202336141885817,0.00800967498505411,0.04430417084743169
lncRNA,stage,III,108,0.9351851851851852,0.8888888888888888,0.9814814814814815,0.9907407407407407,0.9722222222222222,1.0,0.033648492009551396,0.022141875630175653,0.07770764073012049
lncRNA,stage,IV,80,0.925,0.8625,0.975,0.9875,0.9625,1.0,0.047306427359580995,0.022847932614386085,0.08777713800780476
lncRNA,stage,Not reported,1340,0.9686567164179104,0.9589552238805971,0.9776119402985075,0.996268656716418,0.9925373134328358,0.9992537313432835,0.013627168547306445,0.010186163567340164,0.02426127416901844
lncRNA,rarity,100 to 299,536,0.9682835820895522,0.9514925373134329,0.9813432835820896,0.996268656716418,0.9906716417910447,1.0,0.017349824031342293,0.013501672054738255,0.03353597257397516
lncRNA,rarity,300+,1182,0.9754653130287648,0.9653130287648054,0.9839255499153976,0.9966159052453468,0.9932318104906938,0.9991539763113367,0.009359002655431855,0.006941322182729033,0.018599959147397524
lncRNA,rarity,<100,150,0.8866666666666667,0.84,0.9333333333333333,0.9933333333333333,0.98,1.0,0.07334344983100888,0.04513155985871947,0.11734207765261327
protein_coding,sex,Female,918,0.9629629629629629,0.9509803921568627,0.9749455337690632,0.9934640522875817,0.9880174291938998,0.9978213507625272,0.010134811949366345,0.00814490608773593,0.022099464328265626
protein_coding,sex,Male,950,0.9642105263157895,0.9526315789473684,0.9757894736842105,0.9968421052631579,0.9926315789473684,1.0,0.007943188579458955,0.007633185709777665,0.02214258718569024
protein_coding,age_group,50 to 64,725,0.9627586206896551,0.9475862068965517,0.976551724137931,0.9944827586206897,0.9889655172413793,0.9986206896551724,0.012710895373903443,0.010307012888891973,0.029297557899664237
protein_coding,age_group,65+,653,0.9479326186830015,0.9310872894333844,0.9647779479326187,0.9954058192955589,0.9892802450229708,1.0,0.01435862351522693,0.009982691763416717,0.03267946753645197
protein_coding,age_group,<50,480,0.9875,0.975,0.9958333333333333,0.9958333333333333,0.9895833333333334,1.0,0.01057394891977309,0.008220330467447651,0.02119541156416138
protein_coding,stage,I,219,0.9726027397260274,0.9497716894977168,0.9908675799086758,1.0,1.0,1.0,0.01269866192721883,0.0093942068551229,0.033615797298820006
protein_coding,stage,II,121,0.9834710743801653,0.9586776859504132,1.0,0.9917355371900827,0.9752066115702479,1.0,0.019199686602127466,0.008989438303738558,0.04827037145776195
protein_coding,stage,III,108,0.9537037037037037,0.9074074074074074,0.9907407407407407,0.9907407407407407,0.9722222222222222,1.0,0.029998471339543625,0.015172538106088294,0.06313201917542348
protein_coding,stage,IV,80,0.9375,0.8875,0.9875,0.9875,0.9625,1.0,0.04555412158370018,0.024592054914683102,0.09276622753590344
protein_coding,stage,Not reported,1340,0.9626865671641791,0.9522201492537313,0.9723880597014926,0.9955223880597015,0.9917910447761195,0.9985074626865672,0.00675368724919078,0.006240931283404538,0.01911921928178014
protein_coding,rarity,100 to 299,536,0.9552238805970149,0.9365671641791045,0.9720149253731343,0.996268656716418,0.9906716417910447,1.0,0.016089609254207195,0.013361623267462461,0.03384864885332197
protein_coding,rarity,300+,1182,0.9780033840947546,0.9686971235194586,0.9856175972927242,0.9957698815566836,0.9923857868020305,0.9991539763113367,0.0034753273788038852,0.0046047946510682156,0.014117097017527058
protein_coding,rarity,<100,150,0.88,0.8266666666666667,0.9268333333333332,0.9866666666666667,0.9666666666666667,1.0,0.05940960605939229,0.038108507414658835,0.11220074774821596
