universe,model,metric,n_seeds,mean,sd,min,max,sd_over_ci_half_width
lncRNA,logreg,accuracy,5,0.9658458244111348,0.00095763082548166,0.9641327623126338,0.96627408993576,0.11691858705880635
lncRNA,logreg,ece,5,0.01207565511447194,0.002981792066869455,0.010742157163214,0.0174096469195037,0.5196398675608925
lncRNA,logreg,log_loss,5,0.1038769528269767,0.006885456652921652,0.1007976830005645,0.1161940321326255,0.29647872083174964
lncRNA,logreg,macro_f1,5,0.9456978297561902,6.534546749526364e-05,0.945668606374722,0.945814723282063,0.00424546158710849
lncRNA,mlp,accuracy,5,0.9656316916488222,0.001944957400919113,0.9635974304068522,0.9684154175588864,0.24044873758549984
lncRNA,mlp,ece,5,0.046903864934051284,0.010732892472773186,0.0354397792839774,0.0581133672588642,1.6149410171667626
lncRNA,mlp,log_loss,5,0.15518245995044705,0.010752642220831558,0.1413045227527618,0.1671572923660278,0.5017140377665977
lncRNA,mlp,macro_f1,5,0.9396639439781833,0.009070431009097598,0.9299964059115488,0.9536033764399312,0.5938524331492634
lncRNA,xgboost,accuracy,5,0.9642398286937901,0.0015790022702089539,0.9630620985010708,0.9668094218415416,0.18665250692930274
lncRNA,xgboost,ece,5,0.00849469914250626,0.0011189564849695254,0.0072279213957599,0.0099406358516701,0.20593381974767982
lncRNA,xgboost,log_loss,5,0.11641195416450498,0.00337745646355693,0.1117135733366012,0.1211563348770141,0.14086810777761027
lncRNA,xgboost,macro_f1,5,0.9401043995373184,0.00349936817501574,0.93585025393666,0.9442309964364176,0.2277732824617546
protein_coding,logreg,accuracy,5,0.9632762312633834,0.0007182231191112,0.9619914346895077,0.9635974304068522,0.08490054019931738
protein_coding,logreg,ece,5,0.00909666149085284,0.006136264868267848,0.0063524404161747,0.0200735457895654,1.1052292440762808
protein_coding,logreg,log_loss,5,0.11284245848655698,0.011372975523288528,0.1077563092112541,0.1331870555877685,0.44447444312547874
protein_coding,logreg,macro_f1,5,0.9348827196602209,0.0011772072923299415,0.9327768672368142,0.9354091827660724,0.06718619066013468
protein_coding,mlp,accuracy,5,0.9618843683083511,0.0026061373543121895,0.9582441113490364,0.9646680942184154,0.30412397800126034
protein_coding,mlp,ece,5,0.03815066023416638,0.009570556444674945,0.0311688299049529,0.0531464103744933,1.564941090205733
protein_coding,mlp,log_loss,5,0.1528697937726974,0.011518196375076175,0.1440865844488144,0.1659615337848663,0.5306137382101669
protein_coding,mlp,macro_f1,5,0.932177312835783,0.006503810676570581,0.9215468487156172,0.9371720422109198,0.392703341094247
protein_coding,xgboost,accuracy,5,0.9596359743040687,0.0009724787004595627,0.9582441113490364,0.9609207708779444,0.10744286337178582
protein_coding,xgboost,ece,5,0.014806470472756461,0.002268609627179043,0.0114085636873444,0.0174014531155725,0.3399614068153269
protein_coding,xgboost,log_loss,5,0.13303529918193813,0.003031246503732952,0.1297284811735153,0.136968046426773,0.10324713089486251
protein_coding,xgboost,macro_f1,5,0.9260240062609167,0.003290427038401537,0.921097044095385,0.9298008572501474,0.17899267018247908
