model,metric,n_seeds,mean,min,max,same_sign
logreg,accuracy,5,0.0025695931477514923,0.0021413276231261325,0.002676659528907832,True
logreg,ece,5,0.0029789936236191,-0.002663898870061701,0.0043897167470393,False
logreg,log_loss,5,-0.008965505659580281,-0.016993023455143003,-0.0069586262106896,True
logreg,macro_f1,5,0.010815110095969449,0.01025942360864962,0.013037856045248764,True
mlp,accuracy,5,0.0037473233404710093,0.0,0.00695931477516043,False
mlp,ece,5,0.008753204699884899,-0.006935381787236801,0.023414794874140298,False
mlp,log_loss,5,0.0023126661777496506,-0.0192786306142807,0.023059785366058405,False
mlp,macro_f1,5,0.00748663114240018,-0.0061440772823464496,0.02324860344535995,False
xgboost,accuracy,5,0.004603854389721618,0.0032119914346896428,0.008565310492505196,True
xgboost,ece,5,-0.006311771330250201,-0.010173531719812601,-0.0037666694191335,True
xgboost,log_loss,5,-0.016623345017433153,-0.025254473090171786,-0.008572146296501187,True
xgboost,macro_f1,5,0.014080393276401782,0.009553444394080568,0.01923612786926343,True
