universe,model,seed,metric,value,ci_half_width,cv_macro_f1,minutes
lncRNA,logreg,45,macro_f1,0.945814723282063,0.015980728575755387,0.9415838371685391,0.3332923372586568
lncRNA,logreg,45,accuracy,0.9641327623126338,0.008565310492505418,0.9415838371685391,0.3332923372586568
lncRNA,logreg,45,log_loss,0.1161940321326255,0.030170691665262005,0.9415838371685391,0.3332923372586568
lncRNA,logreg,45,ece,0.0174096469195037,0.006488187375979001,0.9415838371685391,0.3332923372586568
lncRNA,logreg,43,macro_f1,0.945668606374722,0.015328914516242909,0.9424921185063393,0.3369669198989868
lncRNA,logreg,43,accuracy,0.96627408993576,0.008297644539614568,0.9424921185063393,0.3369669198989868
lncRNA,logreg,43,log_loss,0.1007976830005645,0.020688907615840448,0.9424921185063393,0.3369669198989868
lncRNA,logreg,43,ece,0.010742157163214,0.0056470699802767,0.9424921185063393,0.3369669198989868
protein_coding,logreg,45,macro_f1,0.9327768672368142,0.017375157023422017,0.9400317830608979,0.4494898001352946
protein_coding,logreg,45,accuracy,0.9619914346895077,0.008297644539614568,0.9400317830608979,0.4494898001352946
protein_coding,logreg,45,log_loss,0.1331870555877685,0.034651805367320744,0.9400317830608979,0.4494898001352946
protein_coding,logreg,45,ece,0.0200735457895654,0.006953763147333401,0.9400317830608979,0.4494898001352946
protein_coding,logreg,43,macro_f1,0.9354091827660724,0.017612901395177016,0.9384267459595674,0.4519127527872721
protein_coding,logreg,43,accuracy,0.9635974304068522,0.008565310492505418,0.9384267459595674,0.4519127527872721
protein_coding,logreg,43,log_loss,0.1077563092112541,0.0226668427698314,0.9384267459595674,0.4519127527872721
protein_coding,logreg,43,ece,0.0063524404161747,0.0052851435385356995,0.9384267459595674,0.4519127527872721
lncRNA,logreg,46,macro_f1,0.945668606374722,0.015366619431302408,0.940276858162493,0.22241763273874918
lncRNA,logreg,46,accuracy,0.96627408993576,0.008029978586723774,0.940276858162493,0.22241763273874918
lncRNA,logreg,46,log_loss,0.1007976830005645,0.021344207040965547,0.940276858162493,0.22241763273874918
lncRNA,logreg,46,ece,0.010742157163214,0.0057648844003869,0.940276858162493,0.22241763273874918
protein_coding,logreg,42,macro_f1,0.9354091827660724,0.0182788679532484,0.9365996219176285,0.2984637975692749
protein_coding,logreg,42,accuracy,0.9635974304068522,0.008572002141327695,0.9365996219176285,0.2984637975692749
protein_coding,logreg,42,log_loss,0.1077563092112541,0.02385004796087739,0.9365996219176285,0.2984637975692749
protein_coding,logreg,42,ece,0.0063524404161747,0.0050803533587724,0.9365996219176285,0.2984637975692749
lncRNA,logreg,42,macro_f1,0.945668606374722,0.015436014081864402,0.9381937617635018,0.16339704593022664
lncRNA,logreg,42,accuracy,0.96627408993576,0.008029978586723774,0.9381937617635018,0.16339704593022664
lncRNA,logreg,42,log_loss,0.1007976830005645,0.0221835502423346,0.9381937617635018,0.16339704593022664
lncRNA,logreg,42,ece,0.010742157163214,0.005439978296623249,0.9381937617635018,0.16339704593022664
protein_coding,logreg,44,macro_f1,0.9354091827660724,0.016664553728477582,0.9365485576573587,0.19988165299097696
protein_coding,logreg,44,accuracy,0.9635974304068522,0.008565310492505418,0.9365485576573587,0.19988165299097696
protein_coding,logreg,44,log_loss,0.1077563092112541,0.023421736992895653,0.9365485576573587,0.19988165299097696
protein_coding,logreg,44,ece,0.0063524404161747,0.00521720144877755,0.9365485576573587,0.19988165299097696
lncRNA,logreg,44,macro_f1,0.945668606374722,0.01484692577425073,0.9368512116421119,0.1325743317604065
lncRNA,logreg,44,accuracy,0.96627408993576,0.008029978586723774,0.9368512116421119,0.1325743317604065
lncRNA,logreg,44,log_loss,0.1007976830005645,0.021733231004327495,0.9368512116421119,0.1325743317604065
lncRNA,logreg,44,ece,0.010742157163214,0.0053508277839884,0.9368512116421119,0.1325743317604065
protein_coding,logreg,46,macro_f1,0.9354091827660724,0.017676351268245516,0.9361382611191805,0.17615663210550944
protein_coding,logreg,46,accuracy,0.9635974304068522,0.008297644539614624,0.9361382611191805,0.17615663210550944
protein_coding,logreg,46,log_loss,0.1077563092112541,0.023346906155347798,0.9361382611191805,0.17615663210550944
protein_coding,logreg,46,ece,0.0063524404161747,0.00522368374864955,0.9361382611191805,0.17615663210550944
